<?xml version="1.0" encoding="utf-8"?><gpx creator="Garmin Desktop App" version="1.1" xsi:schemaLocation="http://www.topografix.com/GPX/1/1 http://www.topografix.com/GPX/1/1/gpx.xsd http://www.garmin.com/xmlschemas/WaypointExtension/v1 http://www8.garmin.com/xmlschemas/WaypointExtensionv1.xsd http://www.garmin.com/xmlschemas/TrackPointExtension/v1 http://www.garmin.com/xmlschemas/TrackPointExtensionv1.xsd http://www.garmin.com/xmlschemas/GpxExtensions/v3 http://www8.garmin.com/xmlschemas/GpxExtensionsv3.xsd http://www.garmin.com/xmlschemas/ActivityExtension/v1 http://www8.garmin.com/xmlschemas/ActivityExtensionv1.xsd http://www.garmin.com/xmlschemas/AdventuresExtensions/v1 http://www8.garmin.com/xmlschemas/AdventuresExtensionv1.xsd http://www.garmin.com/xmlschemas/PressureExtension/v1 http://www.garmin.com/xmlschemas/PressureExtensionv1.xsd http://www.garmin.com/xmlschemas/TripExtensions/v1 http://www.garmin.com/xmlschemas/TripExtensionsv1.xsd http://www.garmin.com/xmlschemas/TripMetaDataExtensions/v1 http://www.garmin.com/xmlschemas/TripMetaDataExtensionsv1.xsd http://www.garmin.com/xmlschemas/ViaPointTransportationModeExtensions/v1 http://www.garmin.com/xmlschemas/ViaPointTransportationModeExtensionsv1.xsd http://www.garmin.com/xmlschemas/CreationTimeExtension/v1 http://www.garmin.com/xmlschemas/CreationTimeExtensionsv1.xsd http://www.garmin.com/xmlschemas/AccelerationExtension/v1 http://www.garmin.com/xmlschemas/AccelerationExtensionv1.xsd http://www.garmin.com/xmlschemas/PowerExtension/v1 http://www.garmin.com/xmlschemas/PowerExtensionv1.xsd http://www.garmin.com/xmlschemas/VideoExtension/v1 http://www.garmin.com/xmlschemas/VideoExtensionv1.xsd" xmlns="http://www.topografix.com/GPX/1/1" xmlns:xsi="http://www.w3.org/2001/XMLSchema-instance" xmlns:wptx1="http://www.garmin.com/xmlschemas/WaypointExtension/v1" xmlns:gpxtrx="http://www.garmin.com/xmlschemas/GpxExtensions/v3" xmlns:gpxtpx="http://www.garmin.com/xmlschemas/TrackPointExtension/v1" xmlns:gpxx="http://www.garmin.com/xmlschemas/GpxExtensions/v3" xmlns:trp="http://www.garmin.com/xmlschemas/TripExtensions/v1" xmlns:adv="http://www.garmin.com/xmlschemas/AdventuresExtensions/v1" xmlns:prs="http://www.garmin.com/xmlschemas/PressureExtension/v1" xmlns:tmd="http://www.garmin.com/xmlschemas/TripMetaDataExtensions/v1" xmlns:vptm="http://www.garmin.com/xmlschemas/ViaPointTransportationModeExtensions/v1" xmlns:ctx="http://www.garmin.com/xmlschemas/CreationTimeExtension/v1" xmlns:gpxacc="http://www.garmin.com/xmlschemas/AccelerationExtension/v1" xmlns:gpxpx="http://www.garmin.com/xmlschemas/PowerExtension/v1" xmlns:vidx1="http://www.garmin.com/xmlschemas/VideoExtension/v1">

  <metadata>
    <link href="http://www.garmin.com">
      <text>Garmin International</text>
    </link>
    <time>2026-10-03T20:05:04Z</time>
    <bounds maxlat="55.173725746572018" maxlon="17.509864205494523" minlat="35.897352732717991" minlon="-9.744317745789886" />
  </metadata>

  <rte>
    <name>NLD-BEL-LUX-GER-FRA-AUS-POR-SPA-CHE</name>
    <extensions>
      <gpxx:RouteExtension>
        <gpxx:IsAutoNamed>false</gpxx:IsAutoNamed>
        <gpxx:DisplayColor>Magenta</gpxx:DisplayColor>
      </gpxx:RouteExtension>
    </extensions>
    <rtept lat="53.953745858743787" lon="7.285499274730682">
      <time>2022-10-14T11:55:01Z</time>
      <name>Begin NLD-BEL-LUX-GER-FRA-AUS-POR-SPA-CHE</name>
      <sym>Flag, Red</sym>
      <extensions>
        <trp:ViaPoint>
          <trp:CalculationMode>Direct</trp:CalculationMode>
        </trp:ViaPoint>
        <gpxx:RoutePointExtension>
          <gpxx:Subclass>000000000000FFFFFFFFFFFFFFFFFFFFFFFF</gpxx:Subclass>
        </gpxx:RoutePointExtension>
      </extensions>
    </rtept>
    <rtept lat="53.497322229668498" lon="4.8202920332551">
      <time>2022-10-11T15:28:33Z</time>
      <name>NLD-BEL-LUX-GER-FRA-AUS-POR-SPA-CHE_170 Km</name>
      <sym>Waypoint</sym>
      <extensions>
        <trp:ShapingPoint />
        <gpxx:RoutePointExtension>
          <gpxx:Subclass>000000000000FFFFFFFFFFFFFFFFFFFFFFFF</gpxx:Subclass>
        </gpxx:RoutePointExtension>
      </extensions>
    </rtept>
    <rtept lat="53.310119714587927" lon="4.530556378886104">
      <time>2022-10-11T15:28:33Z</time>
      <name>NLD-BEL-LUX-GER-FRA-AUS-POR-SPA-CHE_198 Km</name>
      <sym>Waypoint</sym>
      <extensions>
        <trp:ShapingPoint />
        <gpxx:RoutePointExtension>
          <gpxx:Subclass>000000000000FFFFFFFFFFFFFFFFFFFFFFFF</gpxx:Subclass>
        </gpxx:RoutePointExtension>
      </extensions>
    </rtept>
    <rtept lat="53.022658741101623" lon="4.339555017650127">
      <time>2022-10-14T11:40:26Z</time>
      <name>NLD-BEL-LUX-GER-FRA-AUS-POR-SPA-CHE_233 Km</name>
      <sym>Waypoint</sym>
      <extensions>
        <trp:ShapingPoint />
        <gpxx:RoutePointExtension>
          <gpxx:Subclass>000000000000FFFFFFFFFFFFFFFFFFFFFFFF</gpxx:Subclass>
        </gpxx:RoutePointExtension>
      </extensions>
    </rtept>
    <rtept lat="52.877995725721121" lon="4.361970573663712">
      <time>2022-10-14T11:40:36Z</time>
      <name>NLD-BEL-LUX-GER-FRA-AUS-POR-SPA-CHE_249 Km</name>
      <sym>Waypoint</sym>
      <extensions>
        <trp:ShapingPoint />
        <gpxx:RoutePointExtension>
          <gpxx:Subclass>000000000000FFFFFFFFFFFFFFFFFFFFFFFF</gpxx:Subclass>
        </gpxx:RoutePointExtension>
      </extensions>
    </rtept>
    <rtept lat="52.739977212622762" lon="4.307690961286426">
      <time>2022-10-14T11:40:28Z</time>
      <name>NLD-BEL-LUX-GER-FRA-AUS-POR-SPA-CHE_265 Km</name>
      <sym>Waypoint</sym>
      <extensions>
        <trp:ShapingPoint />
        <gpxx:RoutePointExtension>
          <gpxx:Subclass>000000000000FFFFFFFFFFFFFFFFFFFFFFFF</gpxx:Subclass>
        </gpxx:RoutePointExtension>
      </extensions>
    </rtept>
    <rtept lat="52.550144959241152" lon="4.237687569111586">
      <time>2022-10-11T15:28:35Z</time>
      <name>NLD-BEL-LUX-GER-FRA-AUS-POR-SPA-CHE_286 Km</name>
      <sym>Waypoint</sym>
      <extensions>
        <trp:ShapingPoint />
        <gpxx:RoutePointExtension>
          <gpxx:Subclass>000000000000FFFFFFFFFFFFFFFFFFFFFFFF</gpxx:Subclass>
        </gpxx:RoutePointExtension>
      </extensions>
    </rtept>
    <rtept lat="52.35869474709034" lon="4.148918520659208">
      <time>2022-10-14T11:40:44Z</time>
      <name>NLD-BEL-LUX-GER-FRA-AUS-POR-SPA-CHE_308 Km</name>
      <sym>Waypoint</sym>
      <extensions>
        <trp:ShapingPoint />
        <gpxx:RoutePointExtension>
          <gpxx:Subclass>000000000000FFFFFFFFFFFFFFFFFFFFFFFF</gpxx:Subclass>
        </gpxx:RoutePointExtension>
      </extensions>
    </rtept>
    <rtept lat="52.205191841349006" lon="3.980472609400749">
      <time>2022-10-11T15:28:36Z</time>
      <name>NLD-BEL-LUX-GER-FRA-AUS-POR-SPA-CHE_329 Km</name>
      <sym>Waypoint</sym>
      <extensions>
        <trp:ShapingPoint />
        <gpxx:RoutePointExtension>
          <gpxx:Subclass>000000000000FFFFFFFFFFFFFFFFFFFFFFFF</gpxx:Subclass>
        </gpxx:RoutePointExtension>
      </extensions>
    </rtept>
    <rtept lat="52.093152869492769" lon="3.71010267175734">
      <time>2022-10-14T11:40:41Z</time>
      <name>NLD-BEL-LUX-GER-FRA-AUS-POR-SPA-CHE_351 Km</name>
      <sym>Waypoint</sym>
      <extensions>
        <trp:ShapingPoint />
        <gpxx:RoutePointExtension>
          <gpxx:Subclass>000000000000FFFFFFFFFFFFFFFFFFFFFFFF</gpxx:Subclass>
        </gpxx:RoutePointExtension>
      </extensions>
    </rtept>
    <rtept lat="51.926226932555437" lon="3.539201449602842">
      <time>2022-10-14T11:40:49Z</time>
      <name>NLD-BEL-LUX-GER-FRA-AUS-POR-SPA-CHE_373 Km</name>
      <sym>Waypoint</sym>
      <extensions>
        <trp:ShapingPoint />
        <gpxx:RoutePointExtension>
          <gpxx:Subclass>000000000000FFFFFFFFFFFFFFFFFFFFFFFF</gpxx:Subclass>
        </gpxx:RoutePointExtension>
      </extensions>
    </rtept>
    <rtept lat="51.807859288528562" lon="3.282654862850905">
      <time>2022-10-14T11:40:47Z</time>
      <name>NLD-BEL-LUX-GER-FRA-AUS-POR-SPA-CHE_395 Km</name>
      <sym>Waypoint</sym>
      <extensions>
        <trp:ShapingPoint />
        <gpxx:RoutePointExtension>
          <gpxx:Subclass>000000000000FFFFFFFFFFFFFFFFFFFFFFFF</gpxx:Subclass>
        </gpxx:RoutePointExtension>
      </extensions>
    </rtept>
    <rtept lat="51.485095918178558" lon="2.999411495402455">
      <time>2022-10-11T15:28:40Z</time>
      <name>NLD-BEL-LUX-GER-FRA-AUS-POR-SPA-CHE_436 Km</name>
      <sym>Waypoint</sym>
      <extensions>
        <trp:ShapingPoint />
        <gpxx:RoutePointExtension>
          <gpxx:Subclass>000000000000FFFFFFFFFFFFFFFFFFFFFFFF</gpxx:Subclass>
        </gpxx:RoutePointExtension>
      </extensions>
    </rtept>
    <rtept lat="51.270045954734087" lon="2.395160682499409">
      <time>2022-10-11T16:04:44Z</time>
      <name>NLD-BEL-LUX-GER-FRA-AUS-POR-SPA-CHE_484 Km</name>
      <sym>Waypoint</sym>
      <extensions>
        <trp:ShapingPoint />
        <gpxx:RoutePointExtension>
          <gpxx:Subclass>000000000000FFFFFFFFFFFFFFFFFFFFFFFF</gpxx:Subclass>
        </gpxx:RoutePointExtension>
      </extensions>
    </rtept>
    <rtept lat="51.221857639029622" lon="2.014733674004674">
      <time>2022-10-14T11:40:53Z</time>
      <name>NLD-BEL-LUX-GER-FRA-AUS-POR-SPA-CHE_511 Km</name>
      <sym>Waypoint</sym>
      <extensions>
        <trp:ShapingPoint />
        <gpxx:RoutePointExtension>
          <gpxx:Subclass>000000000000FFFFFFFFFFFFFFFFFFFFFFFF</gpxx:Subclass>
        </gpxx:RoutePointExtension>
      </extensions>
    </rtept>
    <rtept lat="51.089836964383721" lon="1.713335188105702">
      <time>2022-10-11T15:28:47Z</time>
      <name>NLD-BEL-LUX-GER-FRA-AUS-POR-SPA-CHE_537 Km</name>
      <sym>Waypoint</sym>
      <extensions>
        <trp:ShapingPoint />
        <gpxx:RoutePointExtension>
          <gpxx:Subclass>000000000000FFFFFFFFFFFFFFFFFFFFFFFF</gpxx:Subclass>
        </gpxx:RoutePointExtension>
      </extensions>
    </rtept>
    <rtept lat="50.920087331905961" lon="1.316198436543346">
      <time>2022-10-14T11:40:59Z</time>
      <name>NLD-BEL-LUX-GER-FRA-AUS-POR-SPA-CHE_570 Km</name>
      <sym>Waypoint</sym>
      <extensions>
        <trp:ShapingPoint />
        <gpxx:RoutePointExtension>
          <gpxx:Subclass>000000000000FFFFFFFFFFFFFFFFFFFFFFFF</gpxx:Subclass>
        </gpxx:RoutePointExtension>
      </extensions>
    </rtept>
    <rtept lat="50.465507805347443" lon="1.235831575468183">
      <time>2022-10-11T15:28:47Z</time>
      <name>NLD-BEL-LUX-GER-FRA-AUS-POR-SPA-CHE_621 Km</name>
      <sym>Waypoint</sym>
      <extensions>
        <trp:ShapingPoint />
        <gpxx:RoutePointExtension>
          <gpxx:Subclass>000000000000FFFFFFFFFFFFFFFFFFFFFFFF</gpxx:Subclass>
        </gpxx:RoutePointExtension>
      </extensions>
    </rtept>
    <rtept lat="50.255747241899371" lon="1.171877235174179">
      <time>2022-10-14T11:41:04Z</time>
      <name>NLD-BEL-LUX-GER-FRA-AUS-POR-SPA-CHE_645 Km</name>
      <sym>Waypoint</sym>
      <extensions>
        <trp:ShapingPoint />
        <gpxx:RoutePointExtension>
          <gpxx:Subclass>000000000000FFFFFFFFFFFFFFFFFFFFFFFF</gpxx:Subclass>
        </gpxx:RoutePointExtension>
      </extensions>
    </rtept>
    <rtept lat="50.173422116786242" lon="1.076884120702744">
      <time>2022-10-14T11:41:02Z</time>
      <name>NLD-BEL-LUX-GER-FRA-AUS-POR-SPA-CHE_656 Km</name>
      <sym>Waypoint</sym>
      <extensions>
        <trp:ShapingPoint />
        <gpxx:RoutePointExtension>
          <gpxx:Subclass>000000000000FFFFFFFFFFFFFFFFFFFFFFFF</gpxx:Subclass>
        </gpxx:RoutePointExtension>
      </extensions>
    </rtept>
    <rtept lat="50.108523555099964" lon="0.813668556511402">
      <time>2022-10-11T15:28:48Z</time>
      <name>NLD-BEL-LUX-GER-FRA-AUS-POR-SPA-CHE_677 Km</name>
      <sym>Waypoint</sym>
      <extensions>
        <trp:ShapingPoint />
        <gpxx:RoutePointExtension>
          <gpxx:Subclass>000000000000FFFFFFFFFFFFFFFFFFFFFFFF</gpxx:Subclass>
        </gpxx:RoutePointExtension>
      </extensions>
    </rtept>
    <rtept lat="49.916534638032317" lon="0.140194790437818">
      <time>2022-10-11T16:04:36Z</time>
      <name>NLD-BEL-LUX-GER-FRA-AUS-POR-SPA-CHE_729 Km</name>
      <sym>Waypoint</sym>
      <extensions>
        <trp:ShapingPoint />
        <gpxx:RoutePointExtension>
          <gpxx:Subclass>000000000000FFFFFFFFFFFFFFFFFFFFFFFF</gpxx:Subclass>
        </gpxx:RoutePointExtension>
      </extensions>
    </rtept>
    <rtept lat="49.822155497968197" lon="-0.067952005192637">
      <time>2022-10-14T11:41:09Z</time>
      <name>NLD-BEL-LUX-GER-FRA-AUS-POR-SPA-CHE_747 Km</name>
      <sym>Waypoint</sym>
      <extensions>
        <trp:ShapingPoint />
        <gpxx:RoutePointExtension>
          <gpxx:Subclass>000000000000FFFFFFFFFFFFFFFFFFFFFFFF</gpxx:Subclass>
        </gpxx:RoutePointExtension>
      </extensions>
    </rtept>
    <rtept lat="49.908580966293812" lon="-1.240718979388475">
      <time>2022-10-14T11:41:25Z</time>
      <name>NLD-BEL-LUX-GER-FRA-AUS-POR-SPA-CHE_832 Km</name>
      <sym>Waypoint</sym>
      <extensions>
        <trp:ShapingPoint />
        <gpxx:RoutePointExtension>
          <gpxx:Subclass>000000000000FFFFFFFFFFFFFFFFFFFFFFFF</gpxx:Subclass>
        </gpxx:RoutePointExtension>
      </extensions>
    </rtept>
    <rtept lat="49.908552132546902" lon="-1.692857276648283">
      <time>2022-10-11T15:28:49Z</time>
      <name>NLD-BEL-LUX-GER-FRA-AUS-POR-SPA-CHE_864 Km</name>
      <sym>Waypoint</sym>
      <extensions>
        <trp:ShapingPoint />
        <gpxx:RoutePointExtension>
          <gpxx:Subclass>000000000000FFFFFFFFFFFFFFFFFFFFFFFF</gpxx:Subclass>
        </gpxx:RoutePointExtension>
      </extensions>
    </rtept>
    <rtept lat="49.932861328125" lon="-1.921472009271383">
      <time>2022-10-14T11:41:37Z</time>
      <name>NLD-BEL-LUX-GER-FRA-AUS-POR-SPA-CHE_881 Km</name>
      <sym>Waypoint</sym>
      <extensions>
        <trp:ShapingPoint />
        <gpxx:RoutePointExtension>
          <gpxx:Subclass>000000000000FFFFFFFFFFFFFFFFFFFFFFFF</gpxx:Subclass>
        </gpxx:RoutePointExtension>
      </extensions>
    </rtept>
    <rtept lat="49.879453098401427" lon="-2.051352951675654">
      <time>2022-10-14T11:41:36Z</time>
      <name>NLD-BEL-LUX-GER-FRA-AUS-POR-SPA-CHE_892 Km</name>
      <sym>Waypoint</sym>
      <extensions>
        <trp:ShapingPoint />
        <gpxx:RoutePointExtension>
          <gpxx:Subclass>000000000000FFFFFFFFFFFFFFFFFFFFFFFF</gpxx:Subclass>
        </gpxx:RoutePointExtension>
      </extensions>
    </rtept>
    <rtept lat="49.766006553545594" lon="-2.05423423089087">
      <time>2022-10-14T11:41:34Z</time>
      <name>NLD-BEL-LUX-GER-FRA-AUS-POR-SPA-CHE_905 Km</name>
      <sym>Waypoint</sym>
      <extensions>
        <trp:ShapingPoint />
        <gpxx:RoutePointExtension>
          <gpxx:Subclass>000000000000FFFFFFFFFFFFFFFFFFFFFFFF</gpxx:Subclass>
        </gpxx:RoutePointExtension>
      </extensions>
    </rtept>
    <rtept lat="49.311172468587756" lon="-2.959833489730954">
      <time>2022-10-11T15:28:50Z</time>
      <name>NLD-BEL-LUX-GER-FRA-AUS-POR-SPA-CHE_987 Km</name>
      <sym>Waypoint</sym>
      <extensions>
        <trp:ShapingPoint />
        <gpxx:RoutePointExtension>
          <gpxx:Subclass>000000000000FFFFFFFFFFFFFFFFFFFFFFFF</gpxx:Subclass>
        </gpxx:RoutePointExtension>
      </extensions>
    </rtept>
    <rtept lat="49.113864311948419" lon="-3.190021924674511">
      <time>2022-10-14T11:42:04Z</time>
      <name>NLD-BEL-LUX-GER-FRA-AUS-POR-SPA-CHE_1015 Km</name>
      <sym>Waypoint</sym>
      <extensions>
        <trp:ShapingPoint />
        <gpxx:RoutePointExtension>
          <gpxx:Subclass>000000000000FFFFFFFFFFFFFFFFFFFFFFFF</gpxx:Subclass>
        </gpxx:RoutePointExtension>
      </extensions>
    </rtept>
    <rtept lat="49.046169463545084" lon="-3.832073528319597">
      <time>2022-10-11T15:28:51Z</time>
      <name>NLD-BEL-LUX-GER-FRA-AUS-POR-SPA-CHE_1062 Km</name>
      <sym>Waypoint</sym>
      <extensions>
        <trp:ShapingPoint />
        <gpxx:RoutePointExtension>
          <gpxx:Subclass>000000000000FFFFFFFFFFFFFFFFFFFFFFFF</gpxx:Subclass>
        </gpxx:RoutePointExtension>
      </extensions>
    </rtept>
    <rtept lat="48.766097389161587" lon="-4.828846855089068">
      <time>2022-10-11T15:28:51Z</time>
      <name>NLD-BEL-LUX-GER-FRA-AUS-POR-SPA-CHE_1141 Km</name>
      <sym>Waypoint</sym>
      <extensions>
        <trp:ShapingPoint />
        <gpxx:RoutePointExtension>
          <gpxx:Subclass>000000000000FFFFFFFFFFFFFFFFFFFFFFFF</gpxx:Subclass>
        </gpxx:RoutePointExtension>
      </extensions>
    </rtept>
    <rtept lat="47.76462416164577" lon="-4.879744704812765">
      <time>2022-10-11T16:04:01Z</time>
      <name>NLD-BEL-LUX-GER-FRA-AUS-POR-SPA-CHE_1253 Km</name>
      <sym>Waypoint</sym>
      <extensions>
        <trp:ShapingPoint />
        <gpxx:RoutePointExtension>
          <gpxx:Subclass>000000000000FFFFFFFFFFFFFFFFFFFFFFFF</gpxx:Subclass>
        </gpxx:RoutePointExtension>
      </extensions>
    </rtept>
    <rtept lat="47.559706242755055" lon="-4.3105589132756">
      <time>2022-10-11T16:04:00Z</time>
      <name>NLD-BEL-LUX-GER-FRA-AUS-POR-SPA-CHE_1301 Km</name>
      <sym>Waypoint</sym>
      <extensions>
        <trp:ShapingPoint />
        <gpxx:RoutePointExtension>
          <gpxx:Subclass>000000000000FFFFFFFFFFFFFFFFFFFFFFFF</gpxx:Subclass>
        </gpxx:RoutePointExtension>
      </extensions>
    </rtept>
    <rtept lat="47.467445880174637" lon="-4.081601779907942">
      <time>2022-10-11T16:03:58Z</time>
      <name>NLD-BEL-LUX-GER-FRA-AUS-POR-SPA-CHE_1321 Km</name>
      <sym>Waypoint</sym>
      <extensions>
        <trp:ShapingPoint />
        <gpxx:RoutePointExtension>
          <gpxx:Subclass>000000000000FFFFFFFFFFFFFFFFFFFFFFFF</gpxx:Subclass>
        </gpxx:RoutePointExtension>
      </extensions>
    </rtept>
    <rtept lat="47.195639871060848" lon="-3.469170648604631">
      <time>2022-10-11T15:28:55Z</time>
      <name>NLD-BEL-LUX-GER-FRA-AUS-POR-SPA-CHE_1376 Km</name>
      <sym>Waypoint</sym>
      <extensions>
        <trp:ShapingPoint />
        <gpxx:RoutePointExtension>
          <gpxx:Subclass>000000000000FFFFFFFFFFFFFFFFFFFFFFFF</gpxx:Subclass>
        </gpxx:RoutePointExtension>
      </extensions>
    </rtept>
    <rtept lat="47.094349600374699" lon="-3.255507471039891">
      <time>2022-10-14T11:42:24Z</time>
      <name>NLD-BEL-LUX-GER-FRA-AUS-POR-SPA-CHE_1396 Km</name>
      <sym>Waypoint</sym>
      <extensions>
        <trp:ShapingPoint />
        <gpxx:RoutePointExtension>
          <gpxx:Subclass>000000000000FFFFFFFFFFFFFFFFFFFFFFFF</gpxx:Subclass>
        </gpxx:RoutePointExtension>
      </extensions>
    </rtept>
    <rtept lat="46.621263334527612" lon="-2.674017129465938">
      <time>2022-10-14T11:42:47Z</time>
      <name>NLD-BEL-LUX-GER-FRA-AUS-POR-SPA-CHE_1465 Km</name>
      <sym>Waypoint</sym>
      <extensions>
        <trp:ShapingPoint />
        <gpxx:RoutePointExtension>
          <gpxx:Subclass>000000000000FFFFFFFFFFFFFFFFFFFFFFFF</gpxx:Subclass>
        </gpxx:RoutePointExtension>
      </extensions>
    </rtept>
    <rtept lat="46.322744702920318" lon="-2.019537342712283">
      <time>2022-10-14T11:42:54Z</time>
      <name>NLD-BEL-LUX-GER-FRA-AUS-POR-SPA-CHE_1525 Km</name>
      <sym>Waypoint</sym>
      <extensions>
        <trp:ShapingPoint />
        <gpxx:RoutePointExtension>
          <gpxx:Subclass>000000000000FFFFFFFFFFFFFFFFFFFFFFFF</gpxx:Subclass>
        </gpxx:RoutePointExtension>
      </extensions>
    </rtept>
    <rtept lat="46.229950999841094" lon="-1.947525814175606">
      <time>2022-10-11T15:28:56Z</time>
      <name>NLD-BEL-LUX-GER-FRA-AUS-POR-SPA-CHE_1537 Km</name>
      <sym>Waypoint</sym>
      <extensions>
        <trp:ShapingPoint />
        <gpxx:RoutePointExtension>
          <gpxx:Subclass>000000000000FFFFFFFFFFFFFFFFFFFFFFFF</gpxx:Subclass>
        </gpxx:RoutePointExtension>
      </extensions>
    </rtept>
    <rtept lat="45.982561055570841" lon="-1.688449736684561">
      <time>2022-10-11T16:03:49Z</time>
      <name>NLD-BEL-LUX-GER-FRA-AUS-POR-SPA-CHE_1571 Km</name>
      <sym>Waypoint</sym>
      <extensions>
        <trp:ShapingPoint />
        <gpxx:RoutePointExtension>
          <gpxx:Subclass>000000000000FFFFFFFFFFFFFFFFFFFFFFFF</gpxx:Subclass>
        </gpxx:RoutePointExtension>
      </extensions>
    </rtept>
    <rtept lat="45.556214461103082" lon="-1.546422829851508">
      <time>2022-10-11T15:28:57Z</time>
      <name>NLD-BEL-LUX-GER-FRA-AUS-POR-SPA-CHE_1619 Km</name>
      <sym>Waypoint</sym>
      <extensions>
        <trp:ShapingPoint />
        <gpxx:RoutePointExtension>
          <gpxx:Subclass>000000000000FFFFFFFFFFFFFFFFFFFFFFFF</gpxx:Subclass>
        </gpxx:RoutePointExtension>
      </extensions>
    </rtept>
    <rtept lat="45.292496737092733" lon="-1.453318493440747">
      <time>2022-10-14T11:42:59Z</time>
      <name>NLD-BEL-LUX-GER-FRA-AUS-POR-SPA-CHE_1650 Km</name>
      <sym>Waypoint</sym>
      <extensions>
        <trp:ShapingPoint />
        <gpxx:RoutePointExtension>
          <gpxx:Subclass>000000000000FFFFFFFFFFFFFFFFFFFFFFFF</gpxx:Subclass>
        </gpxx:RoutePointExtension>
      </extensions>
    </rtept>
    <rtept lat="44.635088061913848" lon="-1.547108637169004">
      <time>2022-10-11T15:29:02Z</time>
      <name>NLD-BEL-LUX-GER-FRA-AUS-POR-SPA-CHE_1723 Km</name>
      <sym>Waypoint</sym>
      <extensions>
        <trp:ShapingPoint />
        <gpxx:RoutePointExtension>
          <gpxx:Subclass>000000000000FFFFFFFFFFFFFFFFFFFFFFFF</gpxx:Subclass>
        </gpxx:RoutePointExtension>
      </extensions>
    </rtept>
    <rtept lat="44.074539318680763" lon="-1.592948930338025">
      <time>2022-10-11T15:29:03Z</time>
      <name>NLD-BEL-LUX-GER-FRA-AUS-POR-SPA-CHE_1785 Km</name>
      <sym>Waypoint</sym>
      <extensions>
        <trp:ShapingPoint />
        <gpxx:RoutePointExtension>
          <gpxx:Subclass>000000000000FFFFFFFFFFFFFFFFFFFFFFFF</gpxx:Subclass>
        </gpxx:RoutePointExtension>
      </extensions>
    </rtept>
    <rtept lat="43.837384097278118" lon="-1.684629684314132">
      <time>2022-10-11T16:03:31Z</time>
      <name>NLD-BEL-LUX-GER-FRA-AUS-POR-SPA-CHE_1813 Km</name>
      <sym>Waypoint</sym>
      <extensions>
        <trp:ShapingPoint />
        <gpxx:RoutePointExtension>
          <gpxx:Subclass>000000000000FFFFFFFFFFFFFFFFFFFFFFFF</gpxx:Subclass>
        </gpxx:RoutePointExtension>
      </extensions>
    </rtept>
    <rtept lat="43.701915945857763" lon="-1.884695738554001">
      <time>2022-10-11T16:03:39Z</time>
      <name>NLD-BEL-LUX-GER-FRA-AUS-POR-SPA-CHE_1835 Km</name>
      <sym>Waypoint</sym>
      <extensions>
        <trp:ShapingPoint />
        <gpxx:RoutePointExtension>
          <gpxx:Subclass>000000000000FFFFFFFFFFFFFFFFFFFFFFFF</gpxx:Subclass>
        </gpxx:RoutePointExtension>
      </extensions>
    </rtept>
    <rtept lat="43.616576017811894" lon="-2.065641330555081">
      <time>2023-01-04T12:15:36Z</time>
      <name>NLD-BEL-LUX-GER-FRA-AUS-POR-SPA-CHE_1852 Km</name>
      <sym>Waypoint</sym>
      <extensions>
        <trp:ShapingPoint />
        <gpxx:RoutePointExtension>
          <gpxx:Subclass>000000000000FFFFFFFFFFFFFFFFFFFFFFFF</gpxx:Subclass>
        </gpxx:RoutePointExtension>
      </extensions>
    </rtept>
    <rtept lat="43.548303069546819" lon="-2.380377352237701">
      <time>2022-10-11T16:03:19Z</time>
      <name>NLD-BEL-LUX-GER-FRA-AUS-POR-SPA-CHE_1879 Km</name>
      <sym>Waypoint</sym>
      <extensions>
        <trp:ShapingPoint />
        <gpxx:RoutePointExtension>
          <gpxx:Subclass>000000000000FFFFFFFFFFFFFFFFFFFFFFFF</gpxx:Subclass>
        </gpxx:RoutePointExtension>
      </extensions>
    </rtept>
    <rtept lat="43.625559154897928" lon="-3.548299251124263">
      <time>2023-01-04T12:15:33Z</time>
      <name>NLD-BEL-LUX-GER-FRA-AUS-POR-SPA-CHE_1973 Km</name>
      <sym>Waypoint</sym>
      <extensions>
        <trp:ShapingPoint />
        <gpxx:RoutePointExtension>
          <gpxx:Subclass>000000000000FFFFFFFFFFFFFFFFFFFFFFFF</gpxx:Subclass>
        </gpxx:RoutePointExtension>
      </extensions>
    </rtept>
    <rtept lat="43.583338083699346" lon="-4.471670323982835">
      <time>2023-01-04T12:15:27Z</time>
      <name>NLD-BEL-LUX-GER-FRA-AUS-POR-SPA-CHE_2048 Km</name>
      <sym>Waypoint</sym>
      <extensions>
        <trp:ShapingPoint />
        <gpxx:RoutePointExtension>
          <gpxx:Subclass>000000000000FFFFFFFFFFFFFFFFFFFFFFFF</gpxx:Subclass>
        </gpxx:RoutePointExtension>
      </extensions>
    </rtept>
    <rtept lat="43.734255339950323" lon="-5.722937090322375">
      <time>2023-01-04T12:15:29Z</time>
      <name>NLD-BEL-LUX-GER-FRA-AUS-POR-SPA-CHE_2150 Km</name>
      <sym>Waypoint</sym>
      <extensions>
        <trp:ShapingPoint />
        <gpxx:RoutePointExtension>
          <gpxx:Subclass>000000000000FFFFFFFFFFFFFFFFFFFFFFFF</gpxx:Subclass>
        </gpxx:RoutePointExtension>
      </extensions>
    </rtept>
    <rtept lat="43.709102254360914" lon="-6.429173536598682">
      <time>2023-01-04T12:15:25Z</time>
      <name>NLD-BEL-LUX-GER-FRA-AUS-POR-SPA-CHE_2207 Km</name>
      <sym>Waypoint</sym>
      <extensions>
        <trp:ShapingPoint />
        <gpxx:RoutePointExtension>
          <gpxx:Subclass>000000000000FFFFFFFFFFFFFFFFFFFFFFFF</gpxx:Subclass>
        </gpxx:RoutePointExtension>
      </extensions>
    </rtept>
    <rtept lat="43.916613031178713" lon="-7.626705011352897">
      <time>2023-01-04T12:15:24Z</time>
      <name>NLD-BEL-LUX-GER-FRA-AUS-POR-SPA-CHE_2305 Km</name>
      <sym>Waypoint</sym>
      <extensions>
        <trp:ShapingPoint />
        <gpxx:RoutePointExtension>
          <gpxx:Subclass>000000000000FFFFFFFFFFFFFFFFFFFFFFFF</gpxx:Subclass>
        </gpxx:RoutePointExtension>
      </extensions>
    </rtept>
    <rtept lat="43.824984161183238" lon="-8.360357908532023">
      <time>2023-01-04T12:14:48Z</time>
      <name>NLD-BEL-LUX-GER-FRA-AUS-POR-SPA-CHE_2365 Km</name>
      <sym>Waypoint</sym>
      <extensions>
        <trp:ShapingPoint />
        <gpxx:RoutePointExtension>
          <gpxx:Subclass>000000000000FFFFFFFFFFFFFFFFFFFFFFFF</gpxx:Subclass>
        </gpxx:RoutePointExtension>
      </extensions>
    </rtept>
    <rtept lat="43.59591462649405" lon="-8.709089085459709">
      <time>2023-01-04T12:15:02Z</time>
      <name>NLD-BEL-LUX-GER-FRA-AUS-POR-SPA-CHE_2403 Km</name>
      <sym>Waypoint</sym>
      <extensions>
        <trp:ShapingPoint />
        <gpxx:RoutePointExtension>
          <gpxx:Subclass>000000000000FFFFFFFFFFFFFFFFFFFFFFFF</gpxx:Subclass>
        </gpxx:RoutePointExtension>
      </extensions>
    </rtept>
    <rtept lat="43.122502053156495" lon="-9.425195641815662">
      <time>2023-01-04T12:15:11Z</time>
      <name>NLD-BEL-LUX-GER-FRA-AUS-POR-SPA-CHE_2481 Km</name>
      <sym>Waypoint</sym>
      <extensions>
        <trp:ShapingPoint />
        <gpxx:RoutePointExtension>
          <gpxx:Subclass>000000000000FFFFFFFFFFFFFFFFFFFFFFFF</gpxx:Subclass>
        </gpxx:RoutePointExtension>
      </extensions>
    </rtept>
    <rtept lat="42.923076460137963" lon="-9.484413871541619">
      <time>2023-01-04T12:15:18Z</time>
      <name>NLD-BEL-LUX-GER-FRA-AUS-POR-SPA-CHE_2504 Km</name>
      <sym>Waypoint</sym>
      <extensions>
        <trp:ShapingPoint />
        <gpxx:RoutePointExtension>
          <gpxx:Subclass>000000000000FFFFFFFFFFFFFFFFFFFFFFFF</gpxx:Subclass>
        </gpxx:RoutePointExtension>
      </extensions>
    </rtept>
    <rtept lat="42.690412765368819" lon="-9.392296085134149">
      <time>2023-01-04T12:15:10Z</time>
      <name>NLD-BEL-LUX-GER-FRA-AUS-POR-SPA-CHE_2531 Km</name>
      <sym>Waypoint</sym>
      <extensions>
        <trp:ShapingPoint />
        <gpxx:RoutePointExtension>
          <gpxx:Subclass>000000000000FFFFFFFFFFFFFFFFFFFFFFFF</gpxx:Subclass>
        </gpxx:RoutePointExtension>
      </extensions>
    </rtept>
    <rtept lat="42.61495434679091" lon="-9.261795887723565">
      <time>2023-01-04T12:15:20Z</time>
      <name>NLD-BEL-LUX-GER-FRA-AUS-POR-SPA-CHE_2544 Km</name>
      <sym>Waypoint</sym>
      <extensions>
        <trp:ShapingPoint />
        <gpxx:RoutePointExtension>
          <gpxx:Subclass>000000000000FFFFFFFFFFFFFFFFFFFFFFFF</gpxx:Subclass>
        </gpxx:RoutePointExtension>
      </extensions>
    </rtept>
    <rtept lat="42.066083187237382" lon="-9.020535377785564">
      <time>2023-01-04T12:15:06Z</time>
      <name>NLD-BEL-LUX-GER-FRA-AUS-POR-SPA-CHE_2609 Km</name>
      <sym>Waypoint</sym>
      <extensions>
        <trp:ShapingPoint />
        <gpxx:RoutePointExtension>
          <gpxx:Subclass>000000000000FFFFFFFFFFFFFFFFFFFFFFFF</gpxx:Subclass>
        </gpxx:RoutePointExtension>
      </extensions>
    </rtept>
    <rtept lat="40.478760609403253" lon="-9.174064686521888">
      <time>2023-01-04T12:16:15Z</time>
      <name>NLD-BEL-LUX-GER-FRA-AUS-POR-SPA-CHE_2786 Km</name>
      <sym>Waypoint</sym>
      <extensions>
        <trp:ShapingPoint />
        <gpxx:RoutePointExtension>
          <gpxx:Subclass>000000000000FFFFFFFFFFFFFFFFFFFFFFFF</gpxx:Subclass>
        </gpxx:RoutePointExtension>
      </extensions>
    </rtept>
    <rtept lat="39.769091522321105" lon="-9.503056816756725">
      <time>2023-01-04T12:16:24Z</time>
      <name>NLD-BEL-LUX-GER-FRA-AUS-POR-SPA-CHE_2869 Km</name>
      <sym>Waypoint</sym>
      <extensions>
        <trp:ShapingPoint />
        <gpxx:RoutePointExtension>
          <gpxx:Subclass>000000000000FFFFFFFFFFFFFFFFFFFFFFFF</gpxx:Subclass>
        </gpxx:RoutePointExtension>
      </extensions>
    </rtept>
    <rtept lat="38.547382783144712" lon="-9.744317745789886">
      <time>2023-01-04T12:16:18Z</time>
      <name>NLD-BEL-LUX-GER-FRA-AUS-POR-SPA-CHE_3007 Km</name>
      <sym>Waypoint</sym>
      <extensions>
        <trp:ShapingPoint />
        <gpxx:RoutePointExtension>
          <gpxx:Subclass>000000000000FFFFFFFFFFFFFFFFFFFFFFFF</gpxx:Subclass>
        </gpxx:RoutePointExtension>
      </extensions>
    </rtept>
    <rtept lat="36.849566856399179" lon="-9.272762350738049">
      <time>2023-01-04T12:16:28Z</time>
      <name>NLD-BEL-LUX-GER-FRA-AUS-POR-SPA-CHE_3200 Km</name>
      <sym>Waypoint</sym>
      <extensions>
        <trp:ShapingPoint />
        <gpxx:RoutePointExtension>
          <gpxx:Subclass>000000000000FFFFFFFFFFFFFFFFFFFFFFFF</gpxx:Subclass>
        </gpxx:RoutePointExtension>
      </extensions>
    </rtept>
    <rtept lat="36.238712528720498" lon="-6.596959540620446">
      <time>2023-01-04T12:16:40Z</time>
      <name>NLD-BEL-LUX-GER-FRA-AUS-POR-SPA-CHE_3448 Km</name>
      <sym>Waypoint</sym>
      <extensions>
        <trp:ShapingPoint />
        <gpxx:RoutePointExtension>
          <gpxx:Subclass>000000000000FFFFFFFFFFFFFFFFFFFFFFFF</gpxx:Subclass>
        </gpxx:RoutePointExtension>
      </extensions>
    </rtept>
    <rtept lat="35.897352732717991" lon="-5.917042437940836">
      <time>2023-01-04T12:16:42Z</time>
      <name>NLD-BEL-LUX-GER-FRA-AUS-POR-SPA-CHE_3520 Km</name>
      <sym>Waypoint</sym>
      <extensions>
        <trp:ShapingPoint />
        <gpxx:RoutePointExtension>
          <gpxx:Subclass>000000000000FFFFFFFFFFFFFFFFFFFFFFFF</gpxx:Subclass>
        </gpxx:RoutePointExtension>
      </extensions>
    </rtept>
    <rtept lat="36.00515054538846" lon="-5.149394050240517">
      <time>2023-01-04T12:16:44Z</time>
      <name>NLD-BEL-LUX-GER-FRA-AUS-POR-SPA-CHE_3591 Km</name>
      <sym>Waypoint</sym>
      <extensions>
        <trp:ShapingPoint />
        <gpxx:RoutePointExtension>
          <gpxx:Subclass>000000000000FFFFFFFFFFFFFFFFFFFFFFFF</gpxx:Subclass>
        </gpxx:RoutePointExtension>
      </extensions>
    </rtept>
    <rtept lat="36.427358742803335" lon="-4.359812904149294">
      <time>2023-01-04T12:16:45Z</time>
      <name>NLD-BEL-LUX-GER-FRA-AUS-POR-SPA-CHE_3675 Km</name>
      <sym>Waypoint</sym>
      <extensions>
        <trp:ShapingPoint />
        <gpxx:RoutePointExtension>
          <gpxx:Subclass>000000000000FFFFFFFFFFFFFFFFFFFFFFFF</gpxx:Subclass>
        </gpxx:RoutePointExtension>
      </extensions>
    </rtept>
    <rtept lat="36.454308154061437" lon="-3.537332620471716">
      <time>2023-01-04T12:16:46Z</time>
      <name>NLD-BEL-LUX-GER-FRA-AUS-POR-SPA-CHE_3749 Km</name>
      <sym>Waypoint</sym>
      <extensions>
        <trp:ShapingPoint />
        <gpxx:RoutePointExtension>
          <gpxx:Subclass>000000000000FFFFFFFFFFFFFFFFFFFFFFFF</gpxx:Subclass>
        </gpxx:RoutePointExtension>
      </extensions>
    </rtept>
    <rtept lat="36.535156555473804" lon="-1.85947266407311">
      <time>2023-01-04T12:16:48Z</time>
      <name>NLD-BEL-LUX-GER-FRA-AUS-POR-SPA-CHE_3899 Km</name>
      <sym>Waypoint</sym>
      <extensions>
        <trp:ShapingPoint />
        <gpxx:RoutePointExtension>
          <gpxx:Subclass>000000000000FFFFFFFFFFFFFFFFFFFFFFFF</gpxx:Subclass>
        </gpxx:RoutePointExtension>
      </extensions>
    </rtept>
    <rtept lat="37.181943515315652" lon="-0.98216031678021">
      <time>2023-01-04T12:16:50Z</time>
      <name>NLD-BEL-LUX-GER-FRA-AUS-POR-SPA-CHE_4006 Km</name>
      <sym>Waypoint</sym>
      <extensions>
        <trp:ShapingPoint />
        <gpxx:RoutePointExtension>
          <gpxx:Subclass>000000000000FFFFFFFFFFFFFFFFFFFFFFFF</gpxx:Subclass>
        </gpxx:RoutePointExtension>
      </extensions>
    </rtept>
    <rtept lat="37.765848515555263" lon="-0.082915127277374">
      <time>2023-01-04T12:16:51Z</time>
      <name>NLD-BEL-LUX-GER-FRA-AUS-POR-SPA-CHE_4108 Km</name>
      <sym>Waypoint</sym>
      <extensions>
        <trp:ShapingPoint />
        <gpxx:RoutePointExtension>
          <gpxx:Subclass>000000000000FFFFFFFFFFFFFFFFFFFFFFFF</gpxx:Subclass>
        </gpxx:RoutePointExtension>
      </extensions>
    </rtept>
    <rtept lat="39.140270836651325" lon="3.590830536559224">
      <time>2023-01-04T12:16:59Z</time>
      <name>NLD-BEL-LUX-GER-FRA-AUS-POR-SPA-CHE_4463 Km</name>
      <sym>Waypoint</sym>
      <extensions>
        <trp:ShapingPoint />
        <gpxx:RoutePointExtension>
          <gpxx:Subclass>000000000000FFFFFFFFFFFFFFFFFFFFFFFF</gpxx:Subclass>
        </gpxx:RoutePointExtension>
      </extensions>
    </rtept>
    <rtept lat="39.957737820222974" lon="4.797135014086962">
      <time>2023-01-04T12:17:02Z</time>
      <name>NLD-BEL-LUX-GER-FRA-AUS-POR-SPA-CHE_4600 Km</name>
      <sym>Waypoint</sym>
      <extensions>
        <trp:ShapingPoint />
        <gpxx:RoutePointExtension>
          <gpxx:Subclass>000000000000FFFFFFFFFFFFFFFFFFFFFFFF</gpxx:Subclass>
        </gpxx:RoutePointExtension>
      </extensions>
    </rtept>
    <rtept lat="41.646570442244411" lon="3.546964935958386">
      <time>2023-01-04T12:17:31Z</time>
      <name>NLD-BEL-LUX-GER-FRA-AUS-POR-SPA-CHE_4815 Km</name>
      <sym>Waypoint</sym>
      <extensions>
        <trp:ShapingPoint />
        <gpxx:RoutePointExtension>
          <gpxx:Subclass>000000000000FFFFFFFFFFFFFFFFFFFFFFFF</gpxx:Subclass>
        </gpxx:RoutePointExtension>
      </extensions>
    </rtept>
    <rtept lat="42.203525947406888" lon="3.645662600174546">
      <time>2022-10-11T15:29:09Z</time>
      <name>NLD-BEL-LUX-GER-FRA-AUS-POR-SPA-CHE_4878 Km</name>
      <sym>Waypoint</sym>
      <extensions>
        <trp:ShapingPoint />
        <gpxx:RoutePointExtension>
          <gpxx:Subclass>000000000000FFFFFFFFFFFFFFFFFFFFFFFF</gpxx:Subclass>
        </gpxx:RoutePointExtension>
      </extensions>
    </rtept>
    <rtept lat="42.4839754588902" lon="3.243893003091216">
      <time>2022-10-11T16:02:26Z</time>
      <name>NLD-BEL-LUX-GER-FRA-AUS-POR-SPA-CHE_4923 Km</name>
      <sym>Waypoint</sym>
      <extensions>
        <trp:ShapingPoint />
        <gpxx:RoutePointExtension>
          <gpxx:Subclass>000000000000FFFFFFFFFFFFFFFFFFFFFFFF</gpxx:Subclass>
        </gpxx:RoutePointExtension>
      </extensions>
    </rtept>
    <rtept lat="42.602553069591522" lon="3.159852353855968">
      <time>2022-10-11T15:29:12Z</time>
      <name>NLD-BEL-LUX-GER-FRA-AUS-POR-SPA-CHE_4938 Km</name>
      <sym>Waypoint</sym>
      <extensions>
        <trp:ShapingPoint />
        <gpxx:RoutePointExtension>
          <gpxx:Subclass>000000000000FFFFFFFFFFFFFFFFFFFFFFFF</gpxx:Subclass>
        </gpxx:RoutePointExtension>
      </extensions>
    </rtept>
    <rtept lat="42.721130680292845" lon="3.139478880912066">
      <time>2022-10-11T16:02:24Z</time>
      <name>NLD-BEL-LUX-GER-FRA-AUS-POR-SPA-CHE_4952 Km</name>
      <sym>Waypoint</sym>
      <extensions>
        <trp:ShapingPoint />
        <gpxx:RoutePointExtension>
          <gpxx:Subclass>000000000000FFFFFFFFFFFFFFFFFFFFFFFF</gpxx:Subclass>
        </gpxx:RoutePointExtension>
      </extensions>
    </rtept>
    <rtept lat="43.285272661596537" lon="3.602975830435753">
      <time>2026-10-03T19:53:07Z</time>
      <name>NLD-BEL-LUX-GER-FRA-AUS-POR-SPA-CHE_5025 Km</name>
      <sym>Waypoint</sym>
      <extensions>
        <trp:ShapingPoint />
        <gpxx:RoutePointExtension>
          <gpxx:Subclass>000000000000FFFFFFFFFFFFFFFFFFFFFFFF</gpxx:Subclass>
        </gpxx:RoutePointExtension>
      </extensions>
    </rtept>
    <rtept lat="43.314018817618489" lon="4.45356884971261">
      <time>2022-10-11T15:29:14Z</time>
      <name>NLD-BEL-LUX-GER-FRA-AUS-POR-SPA-CHE_5094 Km</name>
      <sym>Waypoint</sym>
      <extensions>
        <trp:ShapingPoint />
        <gpxx:RoutePointExtension>
          <gpxx:Subclass>000000000000FFFFFFFFFFFFFFFFFFFFFFFF</gpxx:Subclass>
        </gpxx:RoutePointExtension>
      </extensions>
    </rtept>
    <rtept lat="43.202627766877413" lon="5.184467788785696">
      <time>2022-10-11T15:29:14Z</time>
      <name>NLD-BEL-LUX-GER-FRA-AUS-POR-SPA-CHE_5154 Km</name>
      <sym>Waypoint</sym>
      <extensions>
        <trp:ShapingPoint />
        <gpxx:RoutePointExtension>
          <gpxx:Subclass>000000000000FFFFFFFFFFFFFFFFFFFFFFFF</gpxx:Subclass>
        </gpxx:RoutePointExtension>
      </extensions>
    </rtept>
    <rtept lat="42.992421956732869" lon="5.930646685883403">
      <time>2022-10-11T15:29:15Z</time>
      <name>NLD-BEL-LUX-GER-FRA-AUS-POR-SPA-CHE_5219 Km</name>
      <sym>Waypoint</sym>
      <extensions>
        <trp:ShapingPoint />
        <gpxx:RoutePointExtension>
          <gpxx:Subclass>000000000000FFFFFFFFFFFFFFFFFFFFFFFF</gpxx:Subclass>
        </gpxx:RoutePointExtension>
      </extensions>
    </rtept>
    <rtept lat="42.932645324617624" lon="6.39154801145196">
      <time>2022-10-14T11:44:55Z</time>
      <name>NLD-BEL-LUX-GER-FRA-AUS-POR-SPA-CHE_5257 Km</name>
      <sym>Waypoint</sym>
      <extensions>
        <trp:ShapingPoint />
        <gpxx:RoutePointExtension>
          <gpxx:Subclass>000000000000FFFFFFFFFFFFFFFFFFFFFFFF</gpxx:Subclass>
        </gpxx:RoutePointExtension>
      </extensions>
    </rtept>
    <rtept lat="43.040931215509772" lon="6.628438532352448">
      <time>2022-10-11T15:29:16Z</time>
      <name>NLD-BEL-LUX-GER-FRA-AUS-POR-SPA-CHE_5280 Km</name>
      <sym>Waypoint</sym>
      <extensions>
        <trp:ShapingPoint />
        <gpxx:RoutePointExtension>
          <gpxx:Subclass>000000000000FFFFFFFFFFFFFFFFFFFFFFFF</gpxx:Subclass>
        </gpxx:RoutePointExtension>
      </extensions>
    </rtept>
    <rtept lat="43.308629170060158" lon="6.799066504463553">
      <time>2022-10-11T15:29:16Z</time>
      <name>NLD-BEL-LUX-GER-FRA-AUS-POR-SPA-CHE_5313 Km</name>
      <sym>Waypoint</sym>
      <extensions>
        <trp:ShapingPoint />
        <gpxx:RoutePointExtension>
          <gpxx:Subclass>000000000000FFFFFFFFFFFFFFFFFFFFFFFF</gpxx:Subclass>
        </gpxx:RoutePointExtension>
      </extensions>
    </rtept>
    <rtept lat="43.501317892223597" lon="7.17788603156805">
      <time>2022-10-11T15:29:16Z</time>
      <name>NLD-BEL-LUX-GER-FRA-AUS-POR-SPA-CHE_5350 Km</name>
      <sym>Waypoint</sym>
      <extensions>
        <trp:ShapingPoint />
        <gpxx:RoutePointExtension>
          <gpxx:Subclass>000000000000FFFFFFFFFFFFFFFFFFFFFFFF</gpxx:Subclass>
        </gpxx:RoutePointExtension>
      </extensions>
    </rtept>
    <rtept lat="43.608217416331172" lon="7.307766973972321">
      <time>2022-10-11T15:29:17Z</time>
      <name>NLD-BEL-LUX-GER-FRA-AUS-POR-SPA-CHE_5366 Km</name>
      <sym>Waypoint</sym>
      <extensions>
        <trp:ShapingPoint />
        <gpxx:RoutePointExtension>
          <gpxx:Subclass>000000000000FFFFFFFFFFFFFFFFFFFFFFFF</gpxx:Subclass>
        </gpxx:RoutePointExtension>
      </extensions>
    </rtept>
    <rtept lat="43.740983828902245" lon="7.625903617590666">
      <time>2026-10-03T19:44:26Z</time>
      <name>NLD-BEL-LUX-GER-FRA-AUS-POR-SPA-CHE_5395 Km</name>
      <sym>Waypoint</sym>
      <extensions>
        <trp:ShapingPoint />
        <gpxx:RoutePointExtension>
          <gpxx:Subclass>000000000000FFFFFFFFFFFFFFFFFFFFFFFF</gpxx:Subclass>
        </gpxx:RoutePointExtension>
      </extensions>
    </rtept>
    <rtept lat="44.038510294631124" lon="7.752163661643863">
      <time>2022-10-11T15:29:18Z</time>
      <name>NLD-BEL-LUX-GER-FRA-AUS-POR-SPA-CHE_5430 Km</name>
      <sym>Waypoint</sym>
      <extensions>
        <trp:ShapingPoint />
        <gpxx:RoutePointExtension>
          <gpxx:Subclass>000000000000FFFFFFFFFFFFFFFFFFFFFFFF</gpxx:Subclass>
        </gpxx:RoutePointExtension>
      </extensions>
    </rtept>
    <rtept lat="44.161579431965947" lon="7.753436956554651">
      <time>2022-10-11T15:29:19Z</time>
      <name>NLD-BEL-LUX-GER-FRA-AUS-POR-SPA-CHE_5444 Km</name>
      <sym>Waypoint</sym>
      <extensions>
        <trp:ShapingPoint />
        <gpxx:RoutePointExtension>
          <gpxx:Subclass>000000000000FFFFFFFFFFFFFFFFFFFFFFFF</gpxx:Subclass>
        </gpxx:RoutePointExtension>
      </extensions>
    </rtept>
    <rtept lat="44.192122332751751" lon="7.6897700317204">
      <time>2022-10-11T16:01:33Z</time>
      <name>NLD-BEL-LUX-GER-FRA-AUS-POR-SPA-CHE_5450 Km</name>
      <sym>Waypoint</sym>
      <extensions>
        <trp:ShapingPoint />
        <gpxx:RoutePointExtension>
          <gpxx:Subclass>000000000000FFFFFFFFFFFFFFFFFFFFFFFF</gpxx:Subclass>
        </gpxx:RoutePointExtension>
      </extensions>
    </rtept>
    <rtept lat="44.266682546585798" lon="7.05437189899385">
      <time>2022-10-11T16:01:22Z</time>
      <name>NLD-BEL-LUX-GER-FRA-AUS-POR-SPA-CHE_5501 Km</name>
      <sym>Waypoint</sym>
      <extensions>
        <trp:ShapingPoint />
        <gpxx:RoutePointExtension>
          <gpxx:Subclass>000000000000FFFFFFFFFFFFFFFFFFFFFFFF</gpxx:Subclass>
        </gpxx:RoutePointExtension>
      </extensions>
    </rtept>
    <rtept lat="44.43826069124043" lon="6.983064450323582">
      <time>2022-10-11T16:01:17Z</time>
      <name>NLD-BEL-LUX-GER-FRA-AUS-POR-SPA-CHE_5521 Km</name>
      <sym>Waypoint</sym>
      <extensions>
        <trp:ShapingPoint />
        <gpxx:RoutePointExtension>
          <gpxx:Subclass>000000000000FFFFFFFFFFFFFFFFFFFFFFFF</gpxx:Subclass>
        </gpxx:RoutePointExtension>
      </extensions>
    </rtept>
    <rtept lat="44.706856934353709" lon="7.105305287986994">
      <time>2022-10-11T15:29:19Z</time>
      <name>NLD-BEL-LUX-GER-FRA-AUS-POR-SPA-CHE_5552 Km</name>
      <sym>Waypoint</sym>
      <extensions>
        <trp:ShapingPoint />
        <gpxx:RoutePointExtension>
          <gpxx:Subclass>000000000000FFFFFFFFFFFFFFFFFFFFFFFF</gpxx:Subclass>
        </gpxx:RoutePointExtension>
      </extensions>
    </rtept>
    <rtept lat="44.870350398123264" lon="7.017444586381316">
      <time>2022-10-11T16:00:57Z</time>
      <name>NLD-BEL-LUX-GER-FRA-AUS-POR-SPA-CHE_5572 Km</name>
      <sym>Waypoint</sym>
      <extensions>
        <trp:ShapingPoint />
        <gpxx:RoutePointExtension>
          <gpxx:Subclass>000000000000FFFFFFFFFFFFFFFFFFFFFFFF</gpxx:Subclass>
        </gpxx:RoutePointExtension>
      </extensions>
    </rtept>
    <rtept lat="45.116488924250007" lon="6.902843685820699">
      <time>2022-10-11T16:00:42Z</time>
      <name>NLD-BEL-LUX-GER-FRA-AUS-POR-SPA-CHE_5601 Km</name>
      <sym>Waypoint</sym>
      <extensions>
        <trp:ShapingPoint />
        <gpxx:RoutePointExtension>
          <gpxx:Subclass>000000000000FFFFFFFFFFFFFFFFFFFFFFFF</gpxx:Subclass>
        </gpxx:RoutePointExtension>
      </extensions>
    </rtept>
    <rtept lat="45.184760866686702" lon="7.035271301865578">
      <time>2022-10-11T15:29:20Z</time>
      <name>NLD-BEL-LUX-GER-FRA-AUS-POR-SPA-CHE_5614 Km</name>
      <sym>Waypoint</sym>
      <extensions>
        <trp:ShapingPoint />
        <gpxx:RoutePointExtension>
          <gpxx:Subclass>000000000000FFFFFFFFFFFFFFFFFFFFFFFF</gpxx:Subclass>
        </gpxx:RoutePointExtension>
      </extensions>
    </rtept>
    <rtept lat="45.206320462748408" lon="7.144778771325946">
      <time>2022-10-11T16:00:37Z</time>
      <name>NLD-BEL-LUX-GER-FRA-AUS-POR-SPA-CHE_5622 Km</name>
      <sym>Waypoint</sym>
      <extensions>
        <trp:ShapingPoint />
        <gpxx:RoutePointExtension>
          <gpxx:Subclass>000000000000FFFFFFFFFFFFFFFFFFFFFFFF</gpxx:Subclass>
        </gpxx:RoutePointExtension>
      </extensions>
    </rtept>
    <rtept lat="45.323999701067805" lon="7.163878865540028">
      <time>2022-10-11T15:30:55Z</time>
      <name>NLD-BEL-LUX-GER-FRA-AUS-POR-SPA-CHE_5636 Km</name>
      <sym>Waypoint</sym>
      <extensions>
        <trp:ShapingPoint />
        <gpxx:RoutePointExtension>
          <gpxx:Subclass>000000000000FFFFFFFFFFFFFFFFFFFFFFFF</gpxx:Subclass>
        </gpxx:RoutePointExtension>
      </extensions>
    </rtept>
    <rtept lat="45.39766171015799" lon="7.213539127260447">
      <time>2022-10-11T16:00:17Z</time>
      <name>NLD-BEL-LUX-GER-FRA-AUS-POR-SPA-CHE_5645 Km</name>
      <sym>Waypoint</sym>
      <extensions>
        <trp:ShapingPoint />
        <gpxx:RoutePointExtension>
          <gpxx:Subclass>000000000000FFFFFFFFFFFFFFFFFFFFFFFF</gpxx:Subclass>
        </gpxx:RoutePointExtension>
      </extensions>
    </rtept>
    <rtept lat="45.735153593122959" lon="7.016006587073207">
      <time>2022-10-11T15:30:57Z</time>
      <name>NLD-BEL-LUX-GER-FRA-AUS-POR-SPA-CHE_5685 Km</name>
      <sym>Waypoint</sym>
      <extensions>
        <trp:ShapingPoint />
        <gpxx:RoutePointExtension>
          <gpxx:Subclass>000000000000FFFFFFFFFFFFFFFFFFFFFFFF</gpxx:Subclass>
        </gpxx:RoutePointExtension>
      </extensions>
    </rtept>
    <rtept lat="45.889576245099306" lon="7.392949908971787">
      <time>2023-01-04T12:19:57Z</time>
      <name>NLD-BEL-LUX-GER-FRA-AUS-POR-SPA-CHE_5719 Km</name>
      <sym>Waypoint</sym>
      <extensions>
        <trp:ShapingPoint />
        <gpxx:RoutePointExtension>
          <gpxx:Subclass>000000000000FFFFFFFFFFFFFFFFFFFFFFFF</gpxx:Subclass>
        </gpxx:RoutePointExtension>
      </extensions>
    </rtept>
    <rtept lat="45.816001994535327" lon="7.822037385776639">
      <time>2026-10-03T19:46:54Z</time>
      <name>NLD-BEL-LUX-GER-FRA-AUS-POR-SPA-CHE_5753 Km</name>
      <sym>Waypoint</sym>
      <extensions>
        <trp:ShapingPoint />
        <gpxx:RoutePointExtension>
          <gpxx:Subclass>000000000000FFFFFFFFFFFFFFFFFFFFFFFF</gpxx:Subclass>
        </gpxx:RoutePointExtension>
      </extensions>
    </rtept>
    <rtept lat="46.066185040399432" lon="8.682928243651986">
      <time>2023-01-04T12:18:28Z</time>
      <name>NLD-BEL-LUX-GER-FRA-AUS-POR-SPA-CHE_5825 Km</name>
      <sym>Waypoint</sym>
      <extensions>
        <trp:ShapingPoint />
        <gpxx:RoutePointExtension>
          <gpxx:Subclass>000000000000FFFFFFFFFFFFFFFFFFFFFFFF</gpxx:Subclass>
        </gpxx:RoutePointExtension>
      </extensions>
    </rtept>
    <rtept lat="45.948954904451966" lon="8.781625824049115">
      <time>2023-01-04T12:20:37Z</time>
      <name>NLD-BEL-LUX-GER-FRA-AUS-POR-SPA-CHE_5841 Km</name>
      <sym>Waypoint</sym>
      <extensions>
        <trp:ShapingPoint />
        <gpxx:RoutePointExtension>
          <gpxx:Subclass>000000000000FFFFFFFFFFFFFFFFFFFFFFFF</gpxx:Subclass>
        </gpxx:RoutePointExtension>
      </extensions>
    </rtept>
    <rtept lat="45.833072075620294" lon="8.870453713461757">
      <time>2023-01-04T12:20:40Z</time>
      <name>NLD-BEL-LUX-GER-FRA-AUS-POR-SPA-CHE_5855 Km</name>
      <sym>Waypoint</sym>
      <extensions>
        <trp:ShapingPoint />
        <gpxx:RoutePointExtension>
          <gpxx:Subclass>000000000000FFFFFFFFFFFFFFFFFFFFFFFF</gpxx:Subclass>
        </gpxx:RoutePointExtension>
      </extensions>
    </rtept>
    <rtept lat="45.791300442069769" lon="8.962571499869227">
      <time>2023-01-04T12:20:41Z</time>
      <name>NLD-BEL-LUX-GER-FRA-AUS-POR-SPA-CHE_5864 Km</name>
      <sym>Waypoint</sym>
      <extensions>
        <trp:ShapingPoint />
        <gpxx:RoutePointExtension>
          <gpxx:Subclass>000000000000FFFFFFFFFFFFFFFFFFFFFFFF</gpxx:Subclass>
        </gpxx:RoutePointExtension>
      </extensions>
    </rtept>
    <rtept lat="45.789952967315912" lon="9.066204009577632">
      <time>2022-10-11T15:31:25Z</time>
      <name>NLD-BEL-LUX-GER-FRA-AUS-POR-SPA-CHE_5872 Km</name>
      <sym>Waypoint</sym>
      <extensions>
        <trp:ShapingPoint />
        <gpxx:RoutePointExtension>
          <gpxx:Subclass>000000000000FFFFFFFFFFFFFFFFFFFFFFFF</gpxx:Subclass>
        </gpxx:RoutePointExtension>
      </extensions>
    </rtept>
    <rtept lat="45.835767025128007" lon="9.118842780590057">
      <time>2023-01-04T12:20:42Z</time>
      <name>NLD-BEL-LUX-GER-FRA-AUS-POR-SPA-CHE_5878 Km</name>
      <sym>Waypoint</sym>
      <extensions>
        <trp:ShapingPoint />
        <gpxx:RoutePointExtension>
          <gpxx:Subclass>000000000000FFFFFFFFFFFFFFFFFFFFFFFF</gpxx:Subclass>
        </gpxx:RoutePointExtension>
      </extensions>
    </rtept>
    <rtept lat="46.195542700588703" lon="10.049890754744411">
      <time>2023-01-04T12:21:13Z</time>
      <name>NLD-BEL-LUX-GER-FRA-AUS-POR-SPA-CHE_5961 Km</name>
      <sym>Waypoint</sym>
      <extensions>
        <trp:ShapingPoint />
        <gpxx:RoutePointExtension>
          <gpxx:Subclass>000000000000FFFFFFFFFFFFFFFFFFFFFFFF</gpxx:Subclass>
        </gpxx:RoutePointExtension>
      </extensions>
    </rtept>
    <rtept lat="46.232479987666011" lon="10.21160339936614">
      <time>2023-01-04T12:21:15Z</time>
      <name>NLD-BEL-LUX-GER-FRA-AUS-POR-SPA-CHE_5974 Km</name>
      <sym>Waypoint</sym>
      <extensions>
        <trp:ShapingPoint />
        <gpxx:RoutePointExtension>
          <gpxx:Subclass>000000000000FFFFFFFFFFFFFFFFFFFFFFFF</gpxx:Subclass>
        </gpxx:RoutePointExtension>
      </extensions>
    </rtept>
    <rtept lat="46.506808949634433" lon="10.36243331618607">
      <time>2022-10-11T15:57:41Z</time>
      <name>NLD-BEL-LUX-GER-FRA-AUS-POR-SPA-CHE_6006 Km</name>
      <sym>Waypoint</sym>
      <extensions>
        <trp:ShapingPoint />
        <gpxx:RoutePointExtension>
          <gpxx:Subclass>000000000000FFFFFFFFFFFFFFFFFFFFFFFF</gpxx:Subclass>
        </gpxx:RoutePointExtension>
      </extensions>
    </rtept>
    <rtept lat="46.521631171926856" lon="10.494030117988586">
      <time>2022-10-14T11:46:07Z</time>
      <name>NLD-BEL-LUX-GER-FRA-AUS-POR-SPA-CHE_6016 Km</name>
      <sym>Waypoint</sym>
      <extensions>
        <trp:ShapingPoint />
        <gpxx:RoutePointExtension>
          <gpxx:Subclass>000000000000FFFFFFFFFFFFFFFFFFFFFFFF</gpxx:Subclass>
        </gpxx:RoutePointExtension>
      </extensions>
    </rtept>
    <rtept lat="46.564750699326396" lon="10.520349713042378">
      <time>2023-01-04T12:21:36Z</time>
      <name>NLD-BEL-LUX-GER-FRA-AUS-POR-SPA-CHE_6022 Km</name>
      <sym>Waypoint</sym>
      <extensions>
        <trp:ShapingPoint />
        <gpxx:RoutePointExtension>
          <gpxx:Subclass>000000000000FFFFFFFFFFFFFFFFFFFFFFFF</gpxx:Subclass>
        </gpxx:RoutePointExtension>
      </extensions>
    </rtept>
    <rtept lat="46.729167178273201" lon="10.753318089991808">
      <time>2022-10-11T15:31:32Z</time>
      <name>NLD-BEL-LUX-GER-FRA-AUS-POR-SPA-CHE_6047 Km</name>
      <sym>Waypoint</sym>
      <extensions>
        <trp:ShapingPoint />
        <gpxx:RoutePointExtension>
          <gpxx:Subclass>000000000000FFFFFFFFFFFFFFFFFFFFFFFF</gpxx:Subclass>
        </gpxx:RoutePointExtension>
      </extensions>
    </rtept>
    <rtept lat="46.724508767947555" lon="10.84058677777648">
      <time>2023-01-04T12:21:43Z</time>
      <name>NLD-BEL-LUX-GER-FRA-AUS-POR-SPA-CHE_6054 Km</name>
      <sym>Waypoint</sym>
      <extensions>
        <trp:ShapingPoint />
        <gpxx:RoutePointExtension>
          <gpxx:Subclass>000000000000FFFFFFFFFFFFFFFFFFFFFFFF</gpxx:Subclass>
        </gpxx:RoutePointExtension>
      </extensions>
    </rtept>
    <rtept lat="46.712997481226921" lon="11.051055947318673">
      <time>2022-10-11T15:31:33Z</time>
      <name>NLD-BEL-LUX-GER-FRA-AUS-POR-SPA-CHE_6070 Km</name>
      <sym>Waypoint</sym>
      <extensions>
        <trp:ShapingPoint />
        <gpxx:RoutePointExtension>
          <gpxx:Subclass>000000000000FFFFFFFFFFFFFFFFFFFFFFFF</gpxx:Subclass>
        </gpxx:RoutePointExtension>
      </extensions>
    </rtept>
    <rtept lat="46.803165804594755" lon="11.140783634036779">
      <time>2022-10-11T15:31:34Z</time>
      <name>NLD-BEL-LUX-GER-FRA-AUS-POR-SPA-CHE_6082 Km</name>
      <sym>Waypoint</sym>
      <extensions>
        <trp:ShapingPoint />
        <gpxx:RoutePointExtension>
          <gpxx:Subclass>000000000000FFFFFFFFFFFFFFFFFFFFFFFF</gpxx:Subclass>
        </gpxx:RoutePointExtension>
      </extensions>
    </rtept>
    <rtept lat="46.90377714112401" lon="11.227370956912637">
      <time>2022-10-11T15:31:34Z</time>
      <name>NLD-BEL-LUX-GER-FRA-AUS-POR-SPA-CHE_6095 Km</name>
      <sym>Waypoint</sym>
      <extensions>
        <trp:ShapingPoint />
        <gpxx:RoutePointExtension>
          <gpxx:Subclass>000000000000FFFFFFFFFFFFFFFFFFFFFFFF</gpxx:Subclass>
        </gpxx:RoutePointExtension>
      </extensions>
    </rtept>
    <rtept lat="46.941506350412965" lon="11.372532108798623">
      <time>2022-10-11T15:31:42Z</time>
      <name>NLD-BEL-LUX-GER-FRA-AUS-POR-SPA-CHE_6107 Km</name>
      <sym>Waypoint</sym>
      <extensions>
        <trp:ShapingPoint />
        <gpxx:RoutePointExtension>
          <gpxx:Subclass>000000000000FFFFFFFFFFFFFFFFFFFFFFFF</gpxx:Subclass>
        </gpxx:RoutePointExtension>
      </extensions>
    </rtept>
    <rtept lat="46.919946754351258" lon="11.632293993607163">
      <time>2022-10-11T15:57:26Z</time>
      <name>NLD-BEL-LUX-GER-FRA-AUS-POR-SPA-CHE_6127 Km</name>
      <sym>Waypoint</sym>
      <extensions>
        <trp:ShapingPoint />
        <gpxx:RoutePointExtension>
          <gpxx:Subclass>000000000000FFFFFFFFFFFFFFFFFFFFFFFF</gpxx:Subclass>
        </gpxx:RoutePointExtension>
      </extensions>
    </rtept>
    <rtept lat="46.961269285529852" lon="11.830935543403029">
      <time>2022-10-11T15:57:24Z</time>
      <name>NLD-BEL-LUX-GER-FRA-AUS-POR-SPA-CHE_6143 Km</name>
      <sym>Waypoint</sym>
      <extensions>
        <trp:ShapingPoint />
        <gpxx:RoutePointExtension>
          <gpxx:Subclass>000000000000FFFFFFFFFFFFFFFFFFFFFFFF</gpxx:Subclass>
        </gpxx:RoutePointExtension>
      </extensions>
    </rtept>
    <rtept lat="46.979555999860168" lon="12.009537471458316">
      <time>2022-10-11T15:31:42Z</time>
      <name>NLD-BEL-LUX-GER-FRA-AUS-POR-SPA-CHE_6156 Km</name>
      <sym>Waypoint</sym>
      <extensions>
        <trp:ShapingPoint />
        <gpxx:RoutePointExtension>
          <gpxx:Subclass>000000000000FFFFFFFFFFFFFFFFFFFFFFFF</gpxx:Subclass>
        </gpxx:RoutePointExtension>
      </extensions>
    </rtept>
    <rtept lat="46.924758804962039" lon="12.073204647749662">
      <time>2022-10-14T11:46:13Z</time>
      <name>NLD-BEL-LUX-GER-FRA-AUS-POR-SPA-CHE_6164 Km</name>
      <sym>Waypoint</sym>
      <extensions>
        <trp:ShapingPoint />
        <gpxx:RoutePointExtension>
          <gpxx:Subclass>000000000000FFFFFFFFFFFFFFFFFFFFFFFF</gpxx:Subclass>
        </gpxx:RoutePointExtension>
      </extensions>
    </rtept>
    <rtept lat="46.833708705380559" lon="12.070323955267668">
      <time>2022-10-11T15:57:07Z</time>
      <name>NLD-BEL-LUX-GER-FRA-AUS-POR-SPA-CHE_6174 Km</name>
      <sym>Waypoint</sym>
      <extensions>
        <trp:ShapingPoint />
        <gpxx:RoutePointExtension>
          <gpxx:Subclass>000000000000FFFFFFFFFFFFFFFFFFFFFFFF</gpxx:Subclass>
        </gpxx:RoutePointExtension>
      </extensions>
    </rtept>
    <rtept lat="46.832232316955924" lon="12.111404919996858">
      <time>2022-10-14T11:46:11Z</time>
      <name>NLD-BEL-LUX-GER-FRA-AUS-POR-SPA-CHE_6177 Km</name>
      <sym>Waypoint</sym>
      <extensions>
        <trp:ShapingPoint />
        <gpxx:RoutePointExtension>
          <gpxx:Subclass>000000000000FFFFFFFFFFFFFFFFFFFFFFFF</gpxx:Subclass>
        </gpxx:RoutePointExtension>
      </extensions>
    </rtept>
    <rtept lat="46.598349893465638" lon="12.449780087918043">
      <time>2022-10-11T15:57:04Z</time>
      <name>NLD-BEL-LUX-GER-FRA-AUS-POR-SPA-CHE_6214 Km</name>
      <sym>Waypoint</sym>
      <extensions>
        <trp:ShapingPoint />
        <gpxx:RoutePointExtension>
          <gpxx:Subclass>000000000000FFFFFFFFFFFFFFFFFFFFFFFF</gpxx:Subclass>
        </gpxx:RoutePointExtension>
      </extensions>
    </rtept>
    <rtept lat="46.548044225201011" lon="12.722275424748659">
      <time>2022-10-11T15:57:03Z</time>
      <name>NLD-BEL-LUX-GER-FRA-AUS-POR-SPA-CHE_6235 Km</name>
      <sym>Waypoint</sym>
      <extensions>
        <trp:ShapingPoint />
        <gpxx:RoutePointExtension>
          <gpxx:Subclass>000000000000FFFFFFFFFFFFFFFFFFFFFFFF</gpxx:Subclass>
        </gpxx:RoutePointExtension>
      </extensions>
    </rtept>
    <rtept lat="46.537264427170157" lon="13.015144318342209">
      <time>2022-10-11T15:57:01Z</time>
      <name>NLD-BEL-LUX-GER-FRA-AUS-POR-SPA-CHE_6258 Km</name>
      <sym>Waypoint</sym>
      <extensions>
        <trp:ShapingPoint />
        <gpxx:RoutePointExtension>
          <gpxx:Subclass>000000000000FFFFFFFFFFFFFFFFFFFFFFFF</gpxx:Subclass>
        </gpxx:RoutePointExtension>
      </extensions>
    </rtept>
    <rtept lat="46.486958675086498" lon="13.430254133418202">
      <time>2022-10-11T15:31:44Z</time>
      <name>NLD-BEL-LUX-GER-FRA-AUS-POR-SPA-CHE_6290 Km</name>
      <sym>Waypoint</sym>
      <extensions>
        <trp:ShapingPoint />
        <gpxx:RoutePointExtension>
          <gpxx:Subclass>000000000000FFFFFFFFFFFFFFFFFFFFFFFF</gpxx:Subclass>
        </gpxx:RoutePointExtension>
      </extensions>
    </rtept>
    <rtept lat="46.451026042923331" lon="13.662002608180046">
      <time>2022-10-11T15:56:56Z</time>
      <name>NLD-BEL-LUX-GER-FRA-AUS-POR-SPA-CHE_6308 Km</name>
      <sym>Waypoint</sym>
      <extensions>
        <trp:ShapingPoint />
        <gpxx:RoutePointExtension>
          <gpxx:Subclass>000000000000FFFFFFFFFFFFFFFFFFFFFFFF</gpxx:Subclass>
        </gpxx:RoutePointExtension>
      </extensions>
    </rtept>
    <rtept lat="46.380957271903753" lon="14.130592737346888">
      <time>2022-10-11T15:56:54Z</time>
      <name>NLD-BEL-LUX-GER-FRA-AUS-POR-SPA-CHE_6345 Km</name>
      <sym>Waypoint</sym>
      <extensions>
        <trp:ShapingPoint />
        <gpxx:RoutePointExtension>
          <gpxx:Subclass>000000000000FFFFFFFFFFFFFFFFFFFFFFFF</gpxx:Subclass>
        </gpxx:RoutePointExtension>
      </extensions>
    </rtept>
    <rtept lat="46.325261620804667" lon="14.280846985056996">
      <time>2022-10-11T15:31:44Z</time>
      <name>NLD-BEL-LUX-GER-FRA-AUS-POR-SPA-CHE_6358 Km</name>
      <sym>Waypoint</sym>
      <extensions>
        <trp:ShapingPoint />
        <gpxx:RoutePointExtension>
          <gpxx:Subclass>000000000000FFFFFFFFFFFFFFFFFFFFFFFF</gpxx:Subclass>
        </gpxx:RoutePointExtension>
      </extensions>
    </rtept>
    <rtept lat="46.309091923758388" lon="14.474395019933581">
      <time>2022-10-11T15:56:47Z</time>
      <name>NLD-BEL-LUX-GER-FRA-AUS-POR-SPA-CHE_6373 Km</name>
      <sym>Waypoint</sym>
      <extensions>
        <trp:ShapingPoint />
        <gpxx:RoutePointExtension>
          <gpxx:Subclass>000000000000FFFFFFFFFFFFFFFFFFFFFFFF</gpxx:Subclass>
        </gpxx:RoutePointExtension>
      </extensions>
    </rtept>
    <rtept lat="46.386347003281116" lon="14.746890440583229">
      <time>2022-10-11T15:31:45Z</time>
      <name>NLD-BEL-LUX-GER-FRA-AUS-POR-SPA-CHE_6396 Km</name>
      <sym>Waypoint</sym>
      <extensions>
        <trp:ShapingPoint />
        <gpxx:RoutePointExtension>
          <gpxx:Subclass>000000000000FFFFFFFFFFFFFFFFFFFFFFFF</gpxx:Subclass>
        </gpxx:RoutePointExtension>
      </extensions>
    </rtept>
    <rtept lat="46.517501072958112" lon="14.902238287031651">
      <time>2022-10-11T15:31:45Z</time>
      <name>NLD-BEL-LUX-GER-FRA-AUS-POR-SPA-CHE_6415 Km</name>
      <sym>Waypoint</sym>
      <extensions>
        <trp:ShapingPoint />
        <gpxx:RoutePointExtension>
          <gpxx:Subclass>000000000000FFFFFFFFFFFFFFFFFFFFFFFF</gpxx:Subclass>
        </gpxx:RoutePointExtension>
      </extensions>
    </rtept>
    <rtept lat="46.567806741222739" lon="15.151813477277756">
      <time>2022-10-11T15:56:38Z</time>
      <name>NLD-BEL-LUX-GER-FRA-AUS-POR-SPA-CHE_6434 Km</name>
      <sym>Waypoint</sym>
      <extensions>
        <trp:ShapingPoint />
        <gpxx:RoutePointExtension>
          <gpxx:Subclass>000000000000FFFFFFFFFFFFFFFFFFFFFFFF</gpxx:Subclass>
        </gpxx:RoutePointExtension>
      </extensions>
    </rtept>
    <rtept lat="46.553433705121279" lon="15.444682370871305">
      <time>2022-10-11T15:56:41Z</time>
      <name>NLD-BEL-LUX-GER-FRA-AUS-POR-SPA-CHE_6457 Km</name>
      <sym>Waypoint</sym>
      <extensions>
        <trp:ShapingPoint />
        <gpxx:RoutePointExtension>
          <gpxx:Subclass>000000000000FFFFFFFFFFFFFFFFFFFFFFFF</gpxx:Subclass>
        </gpxx:RoutePointExtension>
      </extensions>
    </rtept>
    <rtept lat="46.634282022714615" lon="15.617857184261084">
      <time>2022-10-11T15:56:35Z</time>
      <name>NLD-BEL-LUX-GER-FRA-AUS-POR-SPA-CHE_6473 Km</name>
      <sym>Waypoint</sym>
      <extensions>
        <trp:ShapingPoint />
        <gpxx:RoutePointExtension>
          <gpxx:Subclass>000000000000FFFFFFFFFFFFFFFFFFFFFFFF</gpxx:Subclass>
        </gpxx:RoutePointExtension>
      </extensions>
    </rtept>
    <rtept lat="46.655841618776321" lon="15.816498650237918">
      <time>2022-10-11T15:56:27Z</time>
      <name>NLD-BEL-LUX-GER-FRA-AUS-POR-SPA-CHE_6488 Km</name>
      <sym>Waypoint</sym>
      <extensions>
        <trp:ShapingPoint />
        <gpxx:RoutePointExtension>
          <gpxx:Subclass>000000000000FFFFFFFFFFFFFFFFFFFFFFFF</gpxx:Subclass>
        </gpxx:RoutePointExtension>
      </extensions>
    </rtept>
    <rtept lat="46.592959491536021" lon="15.969299823045731">
      <time>2022-10-11T15:31:49Z</time>
      <name>NLD-BEL-LUX-GER-FRA-AUS-POR-SPA-CHE_6502 Km</name>
      <sym>Waypoint</sym>
      <extensions>
        <trp:ShapingPoint />
        <gpxx:RoutePointExtension>
          <gpxx:Subclass>000000000000FFFFFFFFFFFFFFFFFFFFFFFF</gpxx:Subclass>
        </gpxx:RoutePointExtension>
      </extensions>
    </rtept>
    <rtept lat="46.655841618776321" lon="16.07626061886549">
      <time>2022-10-11T15:56:25Z</time>
      <name>NLD-BEL-LUX-GER-FRA-AUS-POR-SPA-CHE_6513 Km</name>
      <sym>Waypoint</sym>
      <extensions>
        <trp:ShapingPoint />
        <gpxx:RoutePointExtension>
          <gpxx:Subclass>000000000000FFFFFFFFFFFFFFFFFFFFFFFF</gpxx:Subclass>
        </gpxx:RoutePointExtension>
      </extensions>
    </rtept>
    <rtept lat="46.767232669517398" lon="16.145021142438054">
      <time>2022-10-11T15:56:22Z</time>
      <name>NLD-BEL-LUX-GER-FRA-AUS-POR-SPA-CHE_6526 Km</name>
      <sym>Waypoint</sym>
      <extensions>
        <trp:ShapingPoint />
        <gpxx:RoutePointExtension>
          <gpxx:Subclass>000000000000FFFFFFFFFFFFFFFFFFFFFFFF</gpxx:Subclass>
        </gpxx:RoutePointExtension>
      </extensions>
    </rtept>
    <rtept lat="46.86636820435524" lon="16.266322536394">
      <time>2022-10-11T15:56:14Z</time>
      <name>NLD-BEL-LUX-GER-FRA-AUS-POR-SPA-CHE_6540 Km</name>
      <sym>Waypoint</sym>
      <extensions>
        <trp:ShapingPoint />
        <gpxx:RoutePointExtension>
          <gpxx:Subclass>000000000000FFFFFFFFFFFFFFFFFFFFFFFF</gpxx:Subclass>
        </gpxx:RoutePointExtension>
      </extensions>
    </rtept>
    <rtept lat="46.898386906832457" lon="16.381862880662084">
      <time>2022-10-11T15:31:50Z</time>
      <name>NLD-BEL-LUX-GER-FRA-AUS-POR-SPA-CHE_6550 Km</name>
      <sym>Waypoint</sym>
      <extensions>
        <trp:ShapingPoint />
        <gpxx:RoutePointExtension>
          <gpxx:Subclass>000000000000FFFFFFFFFFFFFFFFFFFFFFFF</gpxx:Subclass>
        </gpxx:RoutePointExtension>
      </extensions>
    </rtept>
    <rtept lat="46.957675628364086" lon="16.521930685266852">
      <time>2022-10-11T15:56:19Z</time>
      <name>NLD-BEL-LUX-GER-FRA-AUS-POR-SPA-CHE_6562 Km</name>
      <sym>Waypoint</sym>
      <extensions>
        <trp:ShapingPoint />
        <gpxx:RoutePointExtension>
          <gpxx:Subclass>000000000000FFFFFFFFFFFFFFFFFFFFFFFF</gpxx:Subclass>
        </gpxx:RoutePointExtension>
      </extensions>
    </rtept>
    <rtept lat="47.020557839423418" lon="16.577957672998309">
      <time>2022-10-11T15:31:50Z</time>
      <name>NLD-BEL-LUX-GER-FRA-AUS-POR-SPA-CHE_6571 Km</name>
      <sym>Waypoint</sym>
      <extensions>
        <trp:ShapingPoint />
        <gpxx:RoutePointExtension>
          <gpxx:Subclass>000000000000FFFFFFFFFFFFFFFFFFFFFFFF</gpxx:Subclass>
        </gpxx:RoutePointExtension>
      </extensions>
    </rtept>
    <rtept lat="47.815110627561808" lon="17.509864205494523">
      <time>2022-10-11T15:31:53Z</time>
      <name>NLD-BEL-LUX-GER-FRA-AUS-POR-SPA-CHE_6683 Km</name>
      <sym>Waypoint</sym>
      <extensions>
        <trp:ShapingPoint />
        <gpxx:RoutePointExtension>
          <gpxx:Subclass>000000000000FFFFFFFFFFFFFFFFFFFFFFFF</gpxx:Subclass>
        </gpxx:RoutePointExtension>
      </extensions>
    </rtept>
    <rtept lat="48.217434268444777" lon="17.035421663895249">
      <time>2022-10-11T15:55:32Z</time>
      <name>NLD-BEL-LUX-GER-FRA-AUS-POR-SPA-CHE_6740 Km</name>
      <sym>Waypoint</sym>
      <extensions>
        <trp:ShapingPoint />
        <gpxx:RoutePointExtension>
          <gpxx:Subclass>000000000000FFFFFFFFFFFFFFFFFFFFFFFF</gpxx:Subclass>
        </gpxx:RoutePointExtension>
      </extensions>
    </rtept>
    <rtept lat="48.337808540090919" lon="16.956474361941218">
      <time>2022-10-11T15:55:34Z</time>
      <name>NLD-BEL-LUX-GER-FRA-AUS-POR-SPA-CHE_6755 Km</name>
      <sym>Waypoint</sym>
      <extensions>
        <trp:ShapingPoint />
        <gpxx:RoutePointExtension>
          <gpxx:Subclass>000000000000FFFFFFFFFFFFFFFFFFFFFFFF</gpxx:Subclass>
        </gpxx:RoutePointExtension>
      </extensions>
    </rtept>
    <rtept lat="48.43572492711246" lon="16.939920941367745">
      <time>2022-10-11T15:31:53Z</time>
      <name>NLD-BEL-LUX-GER-FRA-AUS-POR-SPA-CHE_6766 Km</name>
      <sym>Waypoint</sym>
      <extensions>
        <trp:ShapingPoint />
        <gpxx:RoutePointExtension>
          <gpxx:Subclass>000000000000FFFFFFFFFFFFFFFFFFFFFFFF</gpxx:Subclass>
        </gpxx:RoutePointExtension>
      </extensions>
    </rtept>
    <rtept lat="48.572268728166819" lon="16.993401255458593">
      <time>2022-10-14T11:46:58Z</time>
      <name>NLD-BEL-LUX-GER-FRA-AUS-POR-SPA-CHE_6782 Km</name>
      <sym>Waypoint</sym>
      <extensions>
        <trp:ShapingPoint />
        <gpxx:RoutePointExtension>
          <gpxx:Subclass>000000000000FFFFFFFFFFFFFFFFFFFFFFFF</gpxx:Subclass>
        </gpxx:RoutePointExtension>
      </extensions>
    </rtept>
    <rtept lat="48.682761490345001" lon="16.992127876728773">
      <time>2022-10-11T15:31:54Z</time>
      <name>NLD-BEL-LUX-GER-FRA-AUS-POR-SPA-CHE_6794 Km</name>
      <sym>Waypoint</sym>
      <extensions>
        <trp:ShapingPoint />
        <gpxx:RoutePointExtension>
          <gpxx:Subclass>000000000000FFFFFFFFFFFFFFFFFFFFFFFF</gpxx:Subclass>
        </gpxx:RoutePointExtension>
      </extensions>
    </rtept>
    <rtept lat="48.754626587033272" lon="16.925914194434881">
      <time>2022-10-14T11:47:02Z</time>
      <name>NLD-BEL-LUX-GER-FRA-AUS-POR-SPA-CHE_6803 Km</name>
      <sym>Waypoint</sym>
      <extensions>
        <trp:ShapingPoint />
        <gpxx:RoutePointExtension>
          <gpxx:Subclass>000000000000FFFFFFFFFFFFFFFFFFFFFFFF</gpxx:Subclass>
        </gpxx:RoutePointExtension>
      </extensions>
    </rtept>
    <rtept lat="48.784271031618118" lon="16.806219946593046">
      <time>2022-10-11T15:31:55Z</time>
      <name>NLD-BEL-LUX-GER-FRA-AUS-POR-SPA-CHE_6813 Km</name>
      <sym>Waypoint</sym>
      <extensions>
        <trp:ShapingPoint />
        <gpxx:RoutePointExtension>
          <gpxx:Subclass>000000000000FFFFFFFFFFFFFFFFFFFFFFFF</gpxx:Subclass>
        </gpxx:RoutePointExtension>
      </extensions>
    </rtept>
    <rtept lat="48.854339718818665" lon="16.467510927468538">
      <time>2022-10-14T11:47:05Z</time>
      <name>NLD-BEL-LUX-GER-FRA-AUS-POR-SPA-CHE_6839 Km</name>
      <sym>Waypoint</sym>
      <extensions>
        <trp:ShapingPoint />
        <gpxx:RoutePointExtension>
          <gpxx:Subclass>000000000000FFFFFFFFFFFFFFFFFFFFFFFF</gpxx:Subclass>
        </gpxx:RoutePointExtension>
      </extensions>
    </rtept>
    <rtept lat="48.782474454492331" lon="16.315983133390546">
      <time>2022-10-11T15:55:24Z</time>
      <name>NLD-BEL-LUX-GER-FRA-AUS-POR-SPA-CHE_6852 Km</name>
      <sym>Waypoint</sym>
      <extensions>
        <trp:ShapingPoint />
        <gpxx:RoutePointExtension>
          <gpxx:Subclass>000000000000FFFFFFFFFFFFFFFFFFFFFFFF</gpxx:Subclass>
        </gpxx:RoutePointExtension>
      </extensions>
    </rtept>
    <rtept lat="48.841763259842992" lon="16.046034386381507">
      <time>2022-10-14T11:47:09Z</time>
      <name>NLD-BEL-LUX-GER-FRA-AUS-POR-SPA-CHE_6873 Km</name>
      <sym>Waypoint</sym>
      <extensions>
        <trp:ShapingPoint />
        <gpxx:RoutePointExtension>
          <gpxx:Subclass>000000000000FFFFFFFFFFFFFFFFFFFFFFFF</gpxx:Subclass>
        </gpxx:RoutePointExtension>
      </extensions>
    </rtept>
    <rtept lat="48.894764045253396" lon="15.930160274729133">
      <time>2022-10-14T11:47:13Z</time>
      <name>NLD-BEL-LUX-GER-FRA-AUS-POR-SPA-CHE_6883 Km</name>
      <sym>Waypoint</sym>
      <extensions>
        <trp:ShapingPoint />
        <gpxx:RoutePointExtension>
          <gpxx:Subclass>000000000000FFFFFFFFFFFFFFFFFFFFFFFF</gpxx:Subclass>
        </gpxx:RoutePointExtension>
      </extensions>
    </rtept>
    <rtept lat="48.928900016471744" lon="15.693318452686071">
      <time>2022-10-11T15:31:56Z</time>
      <name>NLD-BEL-LUX-GER-FRA-AUS-POR-SPA-CHE_6901 Km</name>
      <sym>Waypoint</sym>
      <extensions>
        <trp:ShapingPoint />
        <gpxx:RoutePointExtension>
          <gpxx:Subclass>000000000000FFFFFFFFFFFFFFFFFFFFFFFF</gpxx:Subclass>
        </gpxx:RoutePointExtension>
      </extensions>
    </rtept>
    <rtept lat="49.018411114811897" lon="15.500709526240826">
      <time>2022-10-11T15:55:22Z</time>
      <name>NLD-BEL-LUX-GER-FRA-AUS-POR-SPA-CHE_6918 Km</name>
      <sym>Waypoint</sym>
      <extensions>
        <trp:ShapingPoint />
        <gpxx:RoutePointExtension>
          <gpxx:Subclass>000000000000FFFFFFFFFFFFFFFFFFFFFFFF</gpxx:Subclass>
        </gpxx:RoutePointExtension>
      </extensions>
    </rtept>
    <rtept lat="49.04208772815764" lon="15.25401527993381">
      <time>2022-10-14T11:47:16Z</time>
      <name>NLD-BEL-LUX-GER-FRA-AUS-POR-SPA-CHE_6937 Km</name>
      <sym>Waypoint</sym>
      <extensions>
        <trp:ShapingPoint />
        <gpxx:RoutePointExtension>
          <gpxx:Subclass>000000000000FFFFFFFFFFFFFFFFFFFFFFFF</gpxx:Subclass>
        </gpxx:RoutePointExtension>
      </extensions>
    </rtept>
    <rtept lat="49.041189355775714" lon="15.043913656845689">
      <time>2022-10-14T11:47:19Z</time>
      <name>NLD-BEL-LUX-GER-FRA-AUS-POR-SPA-CHE_6952 Km</name>
      <sym>Waypoint</sym>
      <extensions>
        <trp:ShapingPoint />
        <gpxx:RoutePointExtension>
          <gpxx:Subclass>000000000000FFFFFFFFFFFFFFFFFFFFFFFF</gpxx:Subclass>
        </gpxx:RoutePointExtension>
      </extensions>
    </rtept>
    <rtept lat="49.020528132095933" lon="14.88347246311605">
      <time>2022-10-11T15:55:11Z</time>
      <name>NLD-BEL-LUX-GER-FRA-AUS-POR-SPA-CHE_6964 Km</name>
      <sym>Waypoint</sym>
      <extensions>
        <trp:ShapingPoint />
        <gpxx:RoutePointExtension>
          <gpxx:Subclass>000000000000FFFFFFFFFFFFFFFFFFFFFFFF</gpxx:Subclass>
        </gpxx:RoutePointExtension>
      </extensions>
    </rtept>
    <rtept lat="48.765406468883157" lon="14.733217880129814">
      <time>2022-10-14T11:47:30Z</time>
      <name>NLD-BEL-LUX-GER-FRA-AUS-POR-SPA-CHE_6994 Km</name>
      <sym>Waypoint</sym>
      <extensions>
        <trp:ShapingPoint />
        <gpxx:RoutePointExtension>
          <gpxx:Subclass>000000000000FFFFFFFFFFFFFFFFFFFFFFFF</gpxx:Subclass>
        </gpxx:RoutePointExtension>
      </extensions>
    </rtept>
    <rtept lat="48.671083319932222" lon="14.456902574747801">
      <time>2022-10-14T11:47:34Z</time>
      <name>NLD-BEL-LUX-GER-FRA-AUS-POR-SPA-CHE_7017 Km</name>
      <sym>Waypoint</sym>
      <extensions>
        <trp:ShapingPoint />
        <gpxx:RoutePointExtension>
          <gpxx:Subclass>000000000000FFFFFFFFFFFFFFFFFFFFFFFF</gpxx:Subclass>
        </gpxx:RoutePointExtension>
      </extensions>
    </rtept>
    <rtept lat="48.6153878364712" lon="14.279907876625657">
      <time>2022-10-14T11:47:32Z</time>
      <name>NLD-BEL-LUX-GER-FRA-AUS-POR-SPA-CHE_7031 Km</name>
      <sym>Waypoint</sym>
      <extensions>
        <trp:ShapingPoint />
        <gpxx:RoutePointExtension>
          <gpxx:Subclass>000000000000FFFFFFFFFFFFFFFFFFFFFFFF</gpxx:Subclass>
        </gpxx:RoutePointExtension>
      </extensions>
    </rtept>
    <rtept lat="48.653117129579186" lon="14.164033764973283">
      <time>2022-10-11T15:55:00Z</time>
      <name>NLD-BEL-LUX-GER-FRA-AUS-POR-SPA-CHE_7041 Km</name>
      <sym>Waypoint</sym>
      <extensions>
        <trp:ShapingPoint />
        <gpxx:RoutePointExtension>
          <gpxx:Subclass>000000000000FFFFFFFFFFFFFFFFFFFFFFFF</gpxx:Subclass>
        </gpxx:RoutePointExtension>
      </extensions>
    </rtept>
    <rtept lat="48.716897629201412" lon="14.063439862802625">
      <time>2022-10-14T11:47:37Z</time>
      <name>NLD-BEL-LUX-GER-FRA-AUS-POR-SPA-CHE_7051 Km</name>
      <sym>Waypoint</sym>
      <extensions>
        <trp:ShapingPoint />
        <gpxx:RoutePointExtension>
          <gpxx:Subclass>000000000000FFFFFFFFFFFFFFFFFFFFFFFF</gpxx:Subclass>
        </gpxx:RoutePointExtension>
      </extensions>
    </rtept>
    <rtept lat="48.800440980121493" lon="13.867344902828336">
      <time>2022-10-14T11:47:43Z</time>
      <name>NLD-BEL-LUX-GER-FRA-AUS-POR-SPA-CHE_7068 Km</name>
      <sym>Waypoint</sym>
      <extensions>
        <trp:ShapingPoint />
        <gpxx:RoutePointExtension>
          <gpxx:Subclass>000000000000FFFFFFFFFFFFFFFFFFFFFFFF</gpxx:Subclass>
        </gpxx:RoutePointExtension>
      </extensions>
    </rtept>
    <rtept lat="48.909137165173888" lon="13.790944358333945">
      <time>2022-10-14T11:47:45Z</time>
      <name>NLD-BEL-LUX-GER-FRA-AUS-POR-SPA-CHE_7082 Km</name>
      <sym>Waypoint</sym>
      <extensions>
        <trp:ShapingPoint />
        <gpxx:RoutePointExtension>
          <gpxx:Subclass>000000000000FFFFFFFFFFFFFFFFFFFFFFFF</gpxx:Subclass>
        </gpxx:RoutePointExtension>
      </extensions>
    </rtept>
    <rtept lat="49.024121453985572" lon="13.505715485662222">
      <time>2022-10-14T11:47:47Z</time>
      <name>NLD-BEL-LUX-GER-FRA-AUS-POR-SPA-CHE_7106 Km</name>
      <sym>Waypoint</sym>
      <extensions>
        <trp:ShapingPoint />
        <gpxx:RoutePointExtension>
          <gpxx:Subclass>000000000000FFFFFFFFFFFFFFFFFFFFFFFF</gpxx:Subclass>
        </gpxx:RoutePointExtension>
      </extensions>
    </rtept>
    <rtept lat="49.128326028585434" lon="13.374561164528131">
      <time>2022-10-11T15:31:58Z</time>
      <name>NLD-BEL-LUX-GER-FRA-AUS-POR-SPA-CHE_7121 Km</name>
      <sym>Waypoint</sym>
      <extensions>
        <trp:ShapingPoint />
        <gpxx:RoutePointExtension>
          <gpxx:Subclass>000000000000FFFFFFFFFFFFFFFFFFFFFFFF</gpxx:Subclass>
        </gpxx:RoutePointExtension>
      </extensions>
    </rtept>
    <rtept lat="49.255886860191822" lon="13.124985890462995">
      <time>2022-10-11T15:54:57Z</time>
      <name>NLD-BEL-LUX-GER-FRA-AUS-POR-SPA-CHE_7144 Km</name>
      <sym>Waypoint</sym>
      <extensions>
        <trp:ShapingPoint />
        <gpxx:RoutePointExtension>
          <gpxx:Subclass>000000000000FFFFFFFFFFFFFFFFFFFFFFFF</gpxx:Subclass>
        </gpxx:RoutePointExtension>
      </extensions>
    </rtept>
    <rtept lat="49.350209757685661" lon="13.001471674069762">
      <time>2022-10-14T11:47:56Z</time>
      <name>NLD-BEL-LUX-GER-FRA-AUS-POR-SPA-CHE_7158 Km</name>
      <sym>Waypoint</sym>
      <extensions>
        <trp:ShapingPoint />
        <gpxx:RoutePointExtension>
          <gpxx:Subclass>000000000000FFFFFFFFFFFFFFFFFFFFFFFF</gpxx:Subclass>
        </gpxx:RoutePointExtension>
      </extensions>
    </rtept>
    <rtept lat="49.417583411559463" lon="12.827023733407259">
      <time>2022-10-14T11:47:54Z</time>
      <name>NLD-BEL-LUX-GER-FRA-AUS-POR-SPA-CHE_7173 Km</name>
      <sym>Waypoint</sym>
      <extensions>
        <trp:ShapingPoint />
        <gpxx:RoutePointExtension>
          <gpxx:Subclass>000000000000FFFFFFFFFFFFFFFFFFFFFFFF</gpxx:Subclass>
        </gpxx:RoutePointExtension>
      </extensions>
    </rtept>
    <rtept lat="49.55772053450346" lon="12.674222644418478">
      <time>2022-10-14T11:47:59Z</time>
      <name>NLD-BEL-LUX-GER-FRA-AUS-POR-SPA-CHE_7192 Km</name>
      <sym>Waypoint</sym>
      <extensions>
        <trp:ShapingPoint />
        <gpxx:RoutePointExtension>
          <gpxx:Subclass>000000000000FFFFFFFFFFFFFFFFFFFFFFFF</gpxx:Subclass>
        </gpxx:RoutePointExtension>
      </extensions>
    </rtept>
    <rtept lat="49.733790373429656" lon="12.53670159727335">
      <time>2022-10-11T15:54:51Z</time>
      <name>NLD-BEL-LUX-GER-FRA-AUS-POR-SPA-CHE_7214 Km</name>
      <sym>Waypoint</sym>
      <extensions>
        <trp:ShapingPoint />
        <gpxx:RoutePointExtension>
          <gpxx:Subclass>000000000000FFFFFFFFFFFFFFFFFFFFFFFF</gpxx:Subclass>
        </gpxx:RoutePointExtension>
      </extensions>
    </rtept>
    <rtept lat="49.826316861435771" lon="12.549434965476394">
      <time>2022-10-11T15:31:59Z</time>
      <name>NLD-BEL-LUX-GER-FRA-AUS-POR-SPA-CHE_7224 Km</name>
      <sym>Waypoint</sym>
      <extensions>
        <trp:ShapingPoint />
        <gpxx:RoutePointExtension>
          <gpxx:Subclass>000000000000FFFFFFFFFFFFFFFFFFFFFFFF</gpxx:Subclass>
        </gpxx:RoutePointExtension>
      </extensions>
    </rtept>
    <rtept lat="49.942199606448412" lon="12.586362110450864">
      <time>2022-10-11T15:54:49Z</time>
      <name>NLD-BEL-LUX-GER-FRA-AUS-POR-SPA-CHE_7237 Km</name>
      <sym>Waypoint</sym>
      <extensions>
        <trp:ShapingPoint />
        <gpxx:RoutePointExtension>
          <gpxx:Subclass>000000000000FFFFFFFFFFFFFFFFFFFFFFFF</gpxx:Subclass>
        </gpxx:RoutePointExtension>
      </extensions>
    </rtept>
    <rtept lat="50.143904406577349" lon="12.322042733430862">
      <time>2026-10-03T19:50:58Z</time>
      <name>NLD-BEL-LUX-GER-FRA-AUS-POR-SPA-CHE_7266 Km</name>
      <sym>Waypoint</sym>
      <extensions>
        <trp:ShapingPoint />
        <gpxx:RoutePointExtension>
          <gpxx:Subclass>000000000000FFFFFFFFFFFFFFFFFFFFFFFF</gpxx:Subclass>
        </gpxx:RoutePointExtension>
      </extensions>
    </rtept>
    <rtept lat="50.372672863304615" lon="12.686956599354744">
      <time>2022-10-14T11:48:42Z</time>
      <name>NLD-BEL-LUX-GER-FRA-AUS-POR-SPA-CHE_7303 Km</name>
      <sym>Waypoint</sym>
      <extensions>
        <trp:ShapingPoint />
        <gpxx:RoutePointExtension>
          <gpxx:Subclass>000000000000FFFFFFFFFFFFFFFFFFFFFFFF</gpxx:Subclass>
        </gpxx:RoutePointExtension>
      </extensions>
    </rtept>
    <rtept lat="50.389741184189916" lon="12.925708405673504">
      <time>2022-10-14T11:48:46Z</time>
      <name>NLD-BEL-LUX-GER-FRA-AUS-POR-SPA-CHE_7320 Km</name>
      <sym>Waypoint</sym>
      <extensions>
        <trp:ShapingPoint />
        <gpxx:RoutePointExtension>
          <gpxx:Subclass>000000000000FFFFFFFFFFFFFFFFFFFFFFFF</gpxx:Subclass>
        </gpxx:RoutePointExtension>
      </extensions>
    </rtept>
    <rtept lat="50.391037110239267" lon="13.038064548745751">
      <time>2022-10-11T15:54:41Z</time>
      <name>NLD-BEL-LUX-GER-FRA-AUS-POR-SPA-CHE_7328 Km</name>
      <sym>Waypoint</sym>
      <extensions>
        <trp:ShapingPoint />
        <gpxx:RoutePointExtension>
          <gpxx:Subclass>000000000000FFFFFFFFFFFFFFFFFFFFFFFF</gpxx:Subclass>
        </gpxx:RoutePointExtension>
      </extensions>
    </rtept>
    <rtept lat="50.487657487392426" lon="13.196930447593331">
      <time>2022-10-14T11:48:50Z</time>
      <name>NLD-BEL-LUX-GER-FRA-AUS-POR-SPA-CHE_7343 Km</name>
      <sym>Waypoint</sym>
      <extensions>
        <trp:ShapingPoint />
        <gpxx:RoutePointExtension>
          <gpxx:Subclass>000000000000FFFFFFFFFFFFFFFFFFFFFFFF</gpxx:Subclass>
        </gpxx:RoutePointExtension>
      </extensions>
    </rtept>
    <rtept lat="50.564463380724192" lon="13.34336506202817">
      <time>2022-10-11T15:54:38Z</time>
      <name>NLD-BEL-LUX-GER-FRA-AUS-POR-SPA-CHE_7357 Km</name>
      <sym>Waypoint</sym>
      <extensions>
        <trp:ShapingPoint />
        <gpxx:RoutePointExtension>
          <gpxx:Subclass>000000000000FFFFFFFFFFFFFFFFFFFFFFFF</gpxx:Subclass>
        </gpxx:RoutePointExtension>
      </extensions>
    </rtept>
    <rtept lat="50.576590653508902" lon="13.443959131836891">
      <time>2022-10-14T11:48:57Z</time>
      <name>NLD-BEL-LUX-GER-FRA-AUS-POR-SPA-CHE_7364 Km</name>
      <sym>Waypoint</sym>
      <extensions>
        <trp:ShapingPoint />
        <gpxx:RoutePointExtension>
          <gpxx:Subclass>000000000000FFFFFFFFFFFFFFFFFFFFFFFF</gpxx:Subclass>
        </gpxx:RoutePointExtension>
      </extensions>
    </rtept>
    <rtept lat="50.583777129650116" lon="13.525453107431531">
      <time>2022-10-14T11:48:59Z</time>
      <name>NLD-BEL-LUX-GER-FRA-AUS-POR-SPA-CHE_7370 Km</name>
      <sym>Waypoint</sym>
      <extensions>
        <trp:ShapingPoint />
        <gpxx:RoutePointExtension>
          <gpxx:Subclass>000000000000FFFFFFFFFFFFFFFFFFFFFFFF</gpxx:Subclass>
        </gpxx:RoutePointExtension>
      </extensions>
    </rtept>
    <rtept lat="50.701905637979507" lon="13.738101487979293">
      <time>2022-10-14T11:49:04Z</time>
      <name>NLD-BEL-LUX-GER-FRA-AUS-POR-SPA-CHE_7390 Km</name>
      <sym>Waypoint</sym>
      <extensions>
        <trp:ShapingPoint />
        <gpxx:RoutePointExtension>
          <gpxx:Subclass>000000000000FFFFFFFFFFFFFFFFFFFFFFFF</gpxx:Subclass>
        </gpxx:RoutePointExtension>
      </extensions>
    </rtept>
    <rtept lat="50.705948062241077" lon="13.799221906810999">
      <time>2022-10-11T15:54:31Z</time>
      <name>NLD-BEL-LUX-GER-FRA-AUS-POR-SPA-CHE_7394 Km</name>
      <sym>Waypoint</sym>
      <extensions>
        <trp:ShapingPoint />
        <gpxx:RoutePointExtension>
          <gpxx:Subclass>000000000000FFFFFFFFFFFFFFFFFFFFFFFF</gpxx:Subclass>
        </gpxx:RoutePointExtension>
      </extensions>
    </rtept>
    <rtept lat="50.718075335025787" lon="13.908092686906457">
      <time>2022-10-11T15:54:33Z</time>
      <name>NLD-BEL-LUX-GER-FRA-AUS-POR-SPA-CHE_7402 Km</name>
      <sym>Waypoint</sym>
      <extensions>
        <trp:ShapingPoint />
        <gpxx:RoutePointExtension>
          <gpxx:Subclass>000000000000FFFFFFFFFFFFFFFFFFFFFFFF</gpxx:Subclass>
        </gpxx:RoutePointExtension>
      </extensions>
    </rtept>
    <rtept lat="50.766135239973664" lon="13.958389721810818">
      <time>2022-10-14T11:49:08Z</time>
      <name>NLD-BEL-LUX-GER-FRA-AUS-POR-SPA-CHE_7408 Km</name>
      <sym>Waypoint</sym>
      <extensions>
        <trp:ShapingPoint />
        <gpxx:RoutePointExtension>
          <gpxx:Subclass>000000000000FFFFFFFFFFFFFFFFFFFFFFFF</gpxx:Subclass>
        </gpxx:RoutePointExtension>
      </extensions>
    </rtept>
    <rtept lat="50.786796631291509" lon="14.006776688620448">
      <time>2022-10-14T11:49:13Z</time>
      <name>NLD-BEL-LUX-GER-FRA-AUS-POR-SPA-CHE_7412 Km</name>
      <sym>Waypoint</sym>
      <extensions>
        <trp:ShapingPoint />
        <gpxx:RoutePointExtension>
          <gpxx:Subclass>000000000000FFFFFFFFFFFFFFFFFFFFFFFF</gpxx:Subclass>
        </gpxx:RoutePointExtension>
      </extensions>
    </rtept>
    <rtept lat="50.818686839193106" lon="14.144297735765576">
      <time>2022-10-11T15:54:35Z</time>
      <name>NLD-BEL-LUX-GER-FRA-AUS-POR-SPA-CHE_7423 Km</name>
      <sym>Waypoint</sym>
      <extensions>
        <trp:ShapingPoint />
        <gpxx:RoutePointExtension>
          <gpxx:Subclass>000000000000FFFFFFFFFFFFFFFFFFFFFFFF</gpxx:Subclass>
        </gpxx:RoutePointExtension>
      </extensions>
    </rtept>
    <rtept lat="50.869890796020627" lon="14.277362208813429">
      <time>2022-10-14T11:49:16Z</time>
      <name>NLD-BEL-LUX-GER-FRA-AUS-POR-SPA-CHE_7434 Km</name>
      <sym>Waypoint</sym>
      <extensions>
        <trp:ShapingPoint />
        <gpxx:RoutePointExtension>
          <gpxx:Subclass>000000000000FFFFFFFFFFFFFFFFFFFFFFFF</gpxx:Subclass>
        </gpxx:RoutePointExtension>
      </extensions>
    </rtept>
    <rtept lat="50.878874016925693" lon="14.388143057003617">
      <time>2022-10-14T11:49:20Z</time>
      <name>NLD-BEL-LUX-GER-FRA-AUS-POR-SPA-CHE_7441 Km</name>
      <sym>Waypoint</sym>
      <extensions>
        <trp:ShapingPoint />
        <gpxx:RoutePointExtension>
          <gpxx:Subclass>000000000000FFFFFFFFFFFFFFFFFFFFFFFF</gpxx:Subclass>
        </gpxx:RoutePointExtension>
      </extensions>
    </rtept>
    <rtept lat="50.889653731137514" lon="14.577871123328805">
      <time>2022-10-14T11:49:43Z</time>
      <name>NLD-BEL-LUX-GER-FRA-AUS-POR-SPA-CHE_7455 Km</name>
      <sym>Waypoint</sym>
      <extensions>
        <trp:ShapingPoint />
        <gpxx:RoutePointExtension>
          <gpxx:Subclass>000000000000FFFFFFFFFFFFFFFFFFFFFFFF</gpxx:Subclass>
        </gpxx:RoutePointExtension>
      </extensions>
    </rtept>
    <rtept lat="50.814195228740573" lon="14.636444952338934">
      <time>2022-10-11T15:54:22Z</time>
      <name>NLD-BEL-LUX-GER-FRA-AUS-POR-SPA-CHE_7464 Km</name>
      <sym>Waypoint</sym>
      <extensions>
        <trp:ShapingPoint />
        <gpxx:RoutePointExtension>
          <gpxx:Subclass>000000000000FFFFFFFFFFFFFFFFFFFFFFFF</gpxx:Subclass>
        </gpxx:RoutePointExtension>
      </extensions>
    </rtept>
    <rtept lat="50.798025615513325" lon="14.703295407816768">
      <time>2022-10-11T15:32:04Z</time>
      <name>NLD-BEL-LUX-GER-FRA-AUS-POR-SPA-CHE_7469 Km</name>
      <sym>Waypoint</sym>
      <extensions>
        <trp:ShapingPoint />
        <gpxx:RoutePointExtension>
          <gpxx:Subclass>000000000000FFFFFFFFFFFFFFFFFFFFFFFF</gpxx:Subclass>
        </gpxx:RoutePointExtension>
      </extensions>
    </rtept>
    <rtept lat="50.806110631674528" lon="14.808346051722765">
      <time>2022-10-14T11:49:53Z</time>
      <name>NLD-BEL-LUX-GER-FRA-AUS-POR-SPA-CHE_7477 Km</name>
      <sym>Waypoint</sym>
      <extensions>
        <trp:ShapingPoint />
        <gpxx:RoutePointExtension>
          <gpxx:Subclass>000000000000FFFFFFFFFFFFFFFFFFFFFFFF</gpxx:Subclass>
        </gpxx:RoutePointExtension>
      </extensions>
    </rtept>
    <rtept lat="50.860907826572657" lon="14.865009812638164">
      <time>2022-10-11T15:54:17Z</time>
      <name>NLD-BEL-LUX-GER-FRA-AUS-POR-SPA-CHE_7484 Km</name>
      <sym>Waypoint</sym>
      <extensions>
        <trp:ShapingPoint />
        <gpxx:RoutePointExtension>
          <gpxx:Subclass>000000000000FFFFFFFFFFFFFFFFFFFFFFFF</gpxx:Subclass>
        </gpxx:RoutePointExtension>
      </extensions>
    </rtept>
    <rtept lat="50.948493685573339" lon="14.93058705702424">
      <time>2022-10-11T15:32:09Z</time>
      <name>NLD-BEL-LUX-GER-FRA-AUS-POR-SPA-CHE_7495 Km</name>
      <sym>Waypoint</sym>
      <extensions>
        <trp:ShapingPoint />
        <gpxx:RoutePointExtension>
          <gpxx:Subclass>000000000000FFFFFFFFFFFFFFFFFFFFFFFF</gpxx:Subclass>
        </gpxx:RoutePointExtension>
      </extensions>
    </rtept>
    <rtept lat="51.086834231391549" lon="15.008897669613361">
      <time>2022-10-11T15:54:15Z</time>
      <name>NLD-BEL-LUX-GER-FRA-AUS-POR-SPA-CHE_7511 Km</name>
      <sym>Waypoint</sym>
      <extensions>
        <trp:ShapingPoint />
        <gpxx:RoutePointExtension>
          <gpxx:Subclass>000000000000FFFFFFFFFFFFFFFFFFFFFFFF</gpxx:Subclass>
        </gpxx:RoutePointExtension>
      </extensions>
    </rtept>
    <rtept lat="51.277277022600174" lon="15.06619811989367">
      <time>2022-10-11T15:32:10Z</time>
      <name>NLD-BEL-LUX-GER-FRA-AUS-POR-SPA-CHE_7533 Km</name>
      <sym>Waypoint</sym>
      <extensions>
        <trp:ShapingPoint />
        <gpxx:RoutePointExtension>
          <gpxx:Subclass>000000000000FFFFFFFFFFFFFFFFFFFFFFFF</gpxx:Subclass>
        </gpxx:RoutePointExtension>
      </extensions>
    </rtept>
    <rtept lat="51.344650760293007" lon="15.008897334337234">
      <time>2022-10-14T11:50:04Z</time>
      <name>NLD-BEL-LUX-GER-FRA-AUS-POR-SPA-CHE_7541 Km</name>
      <sym>Waypoint</sym>
      <extensions>
        <trp:ShapingPoint />
        <gpxx:RoutePointExtension>
          <gpxx:Subclass>000000000000FFFFFFFFFFFFFFFFFFFFFFFF</gpxx:Subclass>
        </gpxx:RoutePointExtension>
      </extensions>
    </rtept>
    <rtept lat="51.447956962510943" lon="14.990433594211936">
      <time>2022-10-14T11:50:06Z</time>
      <name>NLD-BEL-LUX-GER-FRA-AUS-POR-SPA-CHE_7553 Km</name>
      <sym>Waypoint</sym>
      <extensions>
        <trp:ShapingPoint />
        <gpxx:RoutePointExtension>
          <gpxx:Subclass>000000000000FFFFFFFFFFFFFFFFFFFFFFFF</gpxx:Subclass>
        </gpxx:RoutePointExtension>
      </extensions>
    </rtept>
    <rtept lat="51.501406682655215" lon="14.92867648601532">
      <time>2022-10-14T11:50:08Z</time>
      <name>NLD-BEL-LUX-GER-FRA-AUS-POR-SPA-CHE_7560 Km</name>
      <sym>Waypoint</sym>
      <extensions>
        <trp:ShapingPoint />
        <gpxx:RoutePointExtension>
          <gpxx:Subclass>000000000000FFFFFFFFFFFFFFFFFFFFFFFF</gpxx:Subclass>
        </gpxx:RoutePointExtension>
      </extensions>
    </rtept>
    <rtept lat="51.605611173436046" lon="14.794975826516747">
      <time>2022-10-14T11:50:21Z</time>
      <name>NLD-BEL-LUX-GER-FRA-AUS-POR-SPA-CHE_7575 Km</name>
      <sym>Waypoint</sym>
      <extensions>
        <trp:ShapingPoint />
        <gpxx:RoutePointExtension>
          <gpxx:Subclass>000000000000FFFFFFFFFFFFFFFFFFFFFFFF</gpxx:Subclass>
        </gpxx:RoutePointExtension>
      </extensions>
    </rtept>
    <rtept lat="51.673883199691772" lon="14.766325643286109">
      <time>2022-10-11T15:54:07Z</time>
      <name>NLD-BEL-LUX-GER-FRA-AUS-POR-SPA-CHE_7583 Km</name>
      <sym>Waypoint</sym>
      <extensions>
        <trp:ShapingPoint />
        <gpxx:RoutePointExtension>
          <gpxx:Subclass>000000000000FFFFFFFFFFFFFFFFFFFFFFFF</gpxx:Subclass>
        </gpxx:RoutePointExtension>
      </extensions>
    </rtept>
    <rtept lat="51.712960051372647" lon="14.735128534957767">
      <time>2022-10-14T11:50:32Z</time>
      <name>NLD-BEL-LUX-GER-FRA-AUS-POR-SPA-CHE_7587 Km</name>
      <sym>Waypoint</sym>
      <extensions>
        <trp:ShapingPoint />
        <gpxx:RoutePointExtension>
          <gpxx:Subclass>000000000000FFFFFFFFFFFFFFFFFFFFFFFF</gpxx:Subclass>
        </gpxx:RoutePointExtension>
      </extensions>
    </rtept>
    <rtept lat="51.733172172680497" lon="14.695018194615841">
      <time>2022-10-14T11:50:29Z</time>
      <name>NLD-BEL-LUX-GER-FRA-AUS-POR-SPA-CHE_7591 Km</name>
      <sym>Waypoint</sym>
      <extensions>
        <trp:ShapingPoint />
        <gpxx:RoutePointExtension>
          <gpxx:Subclass>000000000000FFFFFFFFFFFFFFFFFFFFFFFF</gpxx:Subclass>
        </gpxx:RoutePointExtension>
      </extensions>
    </rtept>
    <rtept lat="51.774943806231022" lon="14.696291573345661">
      <time>2022-10-14T11:50:25Z</time>
      <name>NLD-BEL-LUX-GER-FRA-AUS-POR-SPA-CHE_7596 Km</name>
      <sym>Waypoint</sym>
      <extensions>
        <trp:ShapingPoint />
        <gpxx:RoutePointExtension>
          <gpxx:Subclass>000000000000FFFFFFFFFFFFFFFFFFFFFFFF</gpxx:Subclass>
        </gpxx:RoutePointExtension>
      </extensions>
    </rtept>
    <rtept lat="51.8903773650527" lon="14.712844993919134">
      <time>2022-10-11T15:54:05Z</time>
      <name>NLD-BEL-LUX-GER-FRA-AUS-POR-SPA-CHE_7608 Km</name>
      <sym>Waypoint</sym>
      <extensions>
        <trp:ShapingPoint />
        <gpxx:RoutePointExtension>
          <gpxx:Subclass>000000000000FFFFFFFFFFFFFFFFFFFFFFFF</gpxx:Subclass>
        </gpxx:RoutePointExtension>
      </extensions>
    </rtept>
    <rtept lat="51.982454666867852" lon="14.778422154486179">
      <time>2022-10-14T11:50:36Z</time>
      <name>NLD-BEL-LUX-GER-FRA-AUS-POR-SPA-CHE_7620 Km</name>
      <sym>Waypoint</sym>
      <extensions>
        <trp:ShapingPoint />
        <gpxx:RoutePointExtension>
          <gpxx:Subclass>000000000000FFFFFFFFFFFFFFFFFFFFFFFF</gpxx:Subclass>
        </gpxx:RoutePointExtension>
      </extensions>
    </rtept>
    <rtept lat="52.073633512482047" lon="14.782242123037577">
      <time>2022-10-14T11:50:44Z</time>
      <name>NLD-BEL-LUX-GER-FRA-AUS-POR-SPA-CHE_7630 Km</name>
      <sym>Waypoint</sym>
      <extensions>
        <trp:ShapingPoint />
        <gpxx:RoutePointExtension>
          <gpxx:Subclass>000000000000FFFFFFFFFFFFFFFFFFFFFFFF</gpxx:Subclass>
        </gpxx:RoutePointExtension>
      </extensions>
    </rtept>
    <rtept lat="52.107769567519426" lon="14.756775218993425">
      <time>2022-10-14T11:50:41Z</time>
      <name>NLD-BEL-LUX-GER-FRA-AUS-POR-SPA-CHE_7634 Km</name>
      <sym>Waypoint</sym>
      <extensions>
        <trp:ShapingPoint />
        <gpxx:RoutePointExtension>
          <gpxx:Subclass>000000000000FFFFFFFFFFFFFFFFFFFFFFFF</gpxx:Subclass>
        </gpxx:RoutePointExtension>
      </extensions>
    </rtept>
    <rtept lat="52.211974142119288" lon="14.738948419690132">
      <time>2022-10-14T11:50:46Z</time>
      <name>NLD-BEL-LUX-GER-FRA-AUS-POR-SPA-CHE_7646 Km</name>
      <sym>Waypoint</sym>
      <extensions>
        <trp:ShapingPoint />
        <gpxx:RoutePointExtension>
          <gpxx:Subclass>000000000000FFFFFFFFFFFFFFFFFFFFFFFF</gpxx:Subclass>
        </gpxx:RoutePointExtension>
      </extensions>
    </rtept>
    <rtept lat="52.258237302303314" lon="14.728124784305692">
      <time>2022-10-14T11:50:50Z</time>
      <name>NLD-BEL-LUX-GER-FRA-AUS-POR-SPA-CHE_7651 Km</name>
      <sym>Waypoint</sym>
      <extensions>
        <trp:ShapingPoint />
        <gpxx:RoutePointExtension>
          <gpxx:Subclass>000000000000FFFFFFFFFFFFFFFFFFFFFFFF</gpxx:Subclass>
        </gpxx:RoutePointExtension>
      </extensions>
    </rtept>
    <rtept lat="52.290127510204911" lon="14.683557786047459">
      <time>2022-10-14T11:50:48Z</time>
      <name>NLD-BEL-LUX-GER-FRA-AUS-POR-SPA-CHE_7655 Km</name>
      <sym>Waypoint</sym>
      <extensions>
        <trp:ShapingPoint />
        <gpxx:RoutePointExtension>
          <gpxx:Subclass>000000000000FFFFFFFFFFFFFFFFFFFFFFFF</gpxx:Subclass>
        </gpxx:RoutePointExtension>
      </extensions>
    </rtept>
    <rtept lat="52.504375660791993" lon="14.660637639462948">
      <time>2022-10-14T11:51:00Z</time>
      <name>NLD-BEL-LUX-GER-FRA-AUS-POR-SPA-CHE_7679 Km</name>
      <sym>Waypoint</sym>
      <extensions>
        <trp:ShapingPoint />
        <gpxx:RoutePointExtension>
          <gpxx:Subclass>000000000000FFFFFFFFFFFFFFFFFFFFFFFF</gpxx:Subclass>
        </gpxx:RoutePointExtension>
      </extensions>
    </rtept>
    <rtept lat="52.581630907952785" lon="14.662547539919615">
      <time>2022-10-14T11:51:06Z</time>
      <name>NLD-BEL-LUX-GER-FRA-AUS-POR-SPA-CHE_7688 Km</name>
      <sym>Waypoint</sym>
      <extensions>
        <trp:ShapingPoint />
        <gpxx:RoutePointExtension>
          <gpxx:Subclass>000000000000FFFFFFFFFFFFFFFFFFFFFFFF</gpxx:Subclass>
        </gpxx:RoutePointExtension>
      </extensions>
    </rtept>
    <rtept lat="52.61531769298017" lon="14.640263998880982">
      <time>2022-10-11T15:53:58Z</time>
      <name>NLD-BEL-LUX-GER-FRA-AUS-POR-SPA-CHE_7692 Km</name>
      <sym>Waypoint</sym>
      <extensions>
        <trp:ShapingPoint />
        <gpxx:RoutePointExtension>
          <gpxx:Subclass>000000000000FFFFFFFFFFFFFFFFFFFFFFFF</gpxx:Subclass>
        </gpxx:RoutePointExtension>
      </extensions>
    </rtept>
    <rtept lat="53.088729763403535" lon="14.402785236015916">
      <time>2022-10-11T15:32:17Z</time>
      <name>NLD-BEL-LUX-GER-FRA-AUS-POR-SPA-CHE_7747 Km</name>
      <sym>Waypoint</sym>
      <extensions>
        <trp:ShapingPoint />
        <gpxx:RoutePointExtension>
          <gpxx:Subclass>000000000000FFFFFFFFFFFFFFFFFFFFFFFF</gpxx:Subclass>
        </gpxx:RoutePointExtension>
      </extensions>
    </rtept>
    <rtept lat="53.191137760877609" lon="14.422522019594908">
      <time>2022-10-14T11:51:29Z</time>
      <name>NLD-BEL-LUX-GER-FRA-AUS-POR-SPA-CHE_7758 Km</name>
      <sym>Waypoint</sym>
      <extensions>
        <trp:ShapingPoint />
        <gpxx:RoutePointExtension>
          <gpxx:Subclass>000000000000FFFFFFFFFFFFFFFFFFFFFFFF</gpxx:Subclass>
        </gpxx:RoutePointExtension>
      </extensions>
    </rtept>
    <rtept lat="53.274231925606728" lon="14.485552506521344">
      <time>2022-10-14T11:51:24Z</time>
      <name>NLD-BEL-LUX-GER-FRA-AUS-POR-SPA-CHE_7769 Km</name>
      <sym>Waypoint</sym>
      <extensions>
        <trp:ShapingPoint />
        <gpxx:RoutePointExtension>
          <gpxx:Subclass>000000000000FFFFFFFFFFFFFFFFFFFFFFFF</gpxx:Subclass>
        </gpxx:RoutePointExtension>
      </extensions>
    </rtept>
    <rtept lat="53.330376595258713" lon="14.433345487341285">
      <time>2022-10-14T11:51:35Z</time>
      <name>NLD-BEL-LUX-GER-FRA-AUS-POR-SPA-CHE_7776 Km</name>
      <sym>Waypoint</sym>
      <extensions>
        <trp:ShapingPoint />
        <gpxx:RoutePointExtension>
          <gpxx:Subclass>000000000000FFFFFFFFFFFFFFFFFFFFFFFF</gpxx:Subclass>
        </gpxx:RoutePointExtension>
      </extensions>
    </rtept>
    <rtept lat="53.381580719724298" lon="14.424432003870606">
      <time>2022-10-11T15:32:17Z</time>
      <name>NLD-BEL-LUX-GER-FRA-AUS-POR-SPA-CHE_7781 Km</name>
      <sym>Waypoint</sym>
      <extensions>
        <trp:ShapingPoint />
        <gpxx:RoutePointExtension>
          <gpxx:Subclass>000000000000FFFFFFFFFFFFFFFFFFFFFFFF</gpxx:Subclass>
        </gpxx:RoutePointExtension>
      </extensions>
    </rtept>
    <rtept lat="53.452996797859669" lon="14.403421841561794">
      <time>2022-10-14T11:51:38Z</time>
      <name>NLD-BEL-LUX-GER-FRA-AUS-POR-SPA-CHE_7790 Km</name>
      <sym>Waypoint</sym>
      <extensions>
        <trp:ShapingPoint />
        <gpxx:RoutePointExtension>
          <gpxx:Subclass>000000000000FFFFFFFFFFFFFFFFFFFFFFFF</gpxx:Subclass>
        </gpxx:RoutePointExtension>
      </extensions>
    </rtept>
    <rtept lat="53.503751652315259" lon="14.37986483797431">
      <time>2022-10-14T11:51:42Z</time>
      <name>NLD-BEL-LUX-GER-FRA-AUS-POR-SPA-CHE_7795 Km</name>
      <sym>Waypoint</sym>
      <extensions>
        <trp:ShapingPoint />
        <gpxx:RoutePointExtension>
          <gpxx:Subclass>000000000000FFFFFFFFFFFFFFFFFFFFFFFF</gpxx:Subclass>
        </gpxx:RoutePointExtension>
      </extensions>
    </rtept>
    <rtept lat="53.577862679958344" lon="14.344847928732634">
      <time>2022-10-14T11:51:43Z</time>
      <name>NLD-BEL-LUX-GER-FRA-AUS-POR-SPA-CHE_7804 Km</name>
      <sym>Waypoint</sym>
      <extensions>
        <trp:ShapingPoint />
        <gpxx:RoutePointExtension>
          <gpxx:Subclass>000000000000FFFFFFFFFFFFFFFFFFFFFFFF</gpxx:Subclass>
        </gpxx:RoutePointExtension>
      </extensions>
    </rtept>
    <rtept lat="53.677126625552773" lon="14.311740752309561">
      <time>2022-10-14T11:51:46Z</time>
      <name>NLD-BEL-LUX-GER-FRA-AUS-POR-SPA-CHE_7815 Km</name>
      <sym>Waypoint</sym>
      <extensions>
        <trp:ShapingPoint />
        <gpxx:RoutePointExtension>
          <gpxx:Subclass>000000000000FFFFFFFFFFFFFFFFFFFFFFFF</gpxx:Subclass>
        </gpxx:RoutePointExtension>
      </extensions>
    </rtept>
    <rtept lat="53.808280611410737" lon="14.300280679017305">
      <time>2022-10-11T15:53:49Z</time>
      <name>NLD-BEL-LUX-GER-FRA-AUS-POR-SPA-CHE_7830 Km</name>
      <sym>Waypoint</sym>
      <extensions>
        <trp:ShapingPoint />
        <gpxx:RoutePointExtension>
          <gpxx:Subclass>000000000000FFFFFFFFFFFFFFFFFFFFFFFF</gpxx:Subclass>
        </gpxx:RoutePointExtension>
      </extensions>
    </rtept>
    <rtept lat="53.994950708001852" lon="14.267301075160503">
      <time>2022-10-14T11:52:01Z</time>
      <name>NLD-BEL-LUX-GER-FRA-AUS-POR-SPA-CHE_7851 Km</name>
      <sym>Waypoint</sym>
      <extensions>
        <trp:ShapingPoint />
        <gpxx:RoutePointExtension>
          <gpxx:Subclass>000000000000FFFFFFFFFFFFFFFFFFFFFFFF</gpxx:Subclass>
        </gpxx:RoutePointExtension>
      </extensions>
    </rtept>
    <rtept lat="54.125518798828125" lon="14.236907958984375">
      <time>2022-10-14T11:52:00Z</time>
      <name>NLD-BEL-LUX-GER-FRA-AUS-POR-SPA-CHE_7865 Km</name>
      <sym>Waypoint</sym>
      <extensions>
        <trp:ShapingPoint />
        <gpxx:RoutePointExtension>
          <gpxx:Subclass>000000000000FFFFFFFFFFFFFFFFFFFFFFFF</gpxx:Subclass>
        </gpxx:RoutePointExtension>
      </extensions>
    </rtept>
    <rtept lat="54.262265274301171" lon="14.170190943405032">
      <time>2022-10-14T11:52:03Z</time>
      <name>NLD-BEL-LUX-GER-FRA-AUS-POR-SPA-CHE_7881 Km</name>
      <sym>Waypoint</sym>
      <extensions>
        <trp:ShapingPoint />
        <gpxx:RoutePointExtension>
          <gpxx:Subclass>000000000000FFFFFFFFFFFFFFFFFFFFFFFF</gpxx:Subclass>
        </gpxx:RoutePointExtension>
      </extensions>
    </rtept>
    <rtept lat="54.630957869812846" lon="14.039372904226184">
      <time>2022-10-11T15:53:33Z</time>
      <name>NLD-BEL-LUX-GER-FRA-AUS-POR-SPA-CHE_7923 Km</name>
      <sym>Waypoint</sym>
      <extensions>
        <trp:ShapingPoint />
        <gpxx:RoutePointExtension>
          <gpxx:Subclass>000000000000FFFFFFFFFFFFFFFFFFFFFFFF</gpxx:Subclass>
        </gpxx:RoutePointExtension>
      </extensions>
    </rtept>
    <rtept lat="54.692941624671221" lon="13.988439179956913">
      <time>2022-10-14T11:52:17Z</time>
      <name>NLD-BEL-LUX-GER-FRA-AUS-POR-SPA-CHE_7931 Km</name>
      <sym>Waypoint</sym>
      <extensions>
        <trp:ShapingPoint />
        <gpxx:RoutePointExtension>
          <gpxx:Subclass>000000000000FFFFFFFFFFFFFFFFFFFFFFFF</gpxx:Subclass>
        </gpxx:RoutePointExtension>
      </extensions>
    </rtept>
    <rtept lat="54.902249062433839" lon="13.510935567319393">
      <time>2022-10-11T15:53:37Z</time>
      <name>NLD-BEL-LUX-GER-FRA-AUS-POR-SPA-CHE_7969 Km</name>
      <sym>Waypoint</sym>
      <extensions>
        <trp:ShapingPoint />
        <gpxx:RoutePointExtension>
          <gpxx:Subclass>000000000000FFFFFFFFFFFFFFFFFFFFFFFF</gpxx:Subclass>
        </gpxx:RoutePointExtension>
      </extensions>
    </rtept>
    <rtept lat="54.780256832018495" lon="12.940540267154574">
      <time>2022-10-14T11:52:25Z</time>
      <name>NLD-BEL-LUX-GER-FRA-AUS-POR-SPA-CHE_8008 Km</name>
      <sym>Waypoint</sym>
      <extensions>
        <trp:ShapingPoint />
        <gpxx:RoutePointExtension>
          <gpxx:Subclass>000000000000FFFFFFFFFFFFFFFFFFFFFFFF</gpxx:Subclass>
        </gpxx:RoutePointExtension>
      </extensions>
    </rtept>
    <rtept lat="54.639941090717912" lon="12.406947305426002">
      <time>2022-10-11T15:53:25Z</time>
      <name>NLD-BEL-LUX-GER-FRA-AUS-POR-SPA-CHE_8046 Km</name>
      <sym>Waypoint</sym>
      <extensions>
        <trp:ShapingPoint />
        <gpxx:RoutePointExtension>
          <gpxx:Subclass>000000000000FFFFFFFFFFFFFFFFFFFFFFFF</gpxx:Subclass>
        </gpxx:RoutePointExtension>
      </extensions>
    </rtept>
    <rtept lat="54.454888282343745" lon="12.229952607303858">
      <time>2022-10-14T11:52:38Z</time>
      <name>NLD-BEL-LUX-GER-FRA-AUS-POR-SPA-CHE_8069 Km</name>
      <sym>Waypoint</sym>
      <extensions>
        <trp:ShapingPoint />
        <gpxx:RoutePointExtension>
          <gpxx:Subclass>000000000000FFFFFFFFFFFFFFFFFFFFFFFF</gpxx:Subclass>
        </gpxx:RoutePointExtension>
      </extensions>
    </rtept>
    <rtept lat="54.464769624173641" lon="11.463400153443217">
      <time>2022-10-11T15:53:17Z</time>
      <name>NLD-BEL-LUX-GER-FRA-AUS-POR-SPA-CHE_8119 Km</name>
      <sym>Waypoint</sym>
      <extensions>
        <trp:ShapingPoint />
        <gpxx:RoutePointExtension>
          <gpxx:Subclass>000000000000FFFFFFFFFFFFFFFFFFFFFFFF</gpxx:Subclass>
        </gpxx:RoutePointExtension>
      </extensions>
    </rtept>
    <rtept lat="54.592330371960998" lon="11.165437828749418">
      <time>2022-10-14T11:52:52Z</time>
      <name>NLD-BEL-LUX-GER-FRA-AUS-POR-SPA-CHE_8143 Km</name>
      <sym>Waypoint</sym>
      <extensions>
        <trp:ShapingPoint />
        <gpxx:RoutePointExtension>
          <gpxx:Subclass>000000000000FFFFFFFFFFFFFFFFFFFFFFFF</gpxx:Subclass>
        </gpxx:RoutePointExtension>
      </extensions>
    </rtept>
    <rtept lat="54.56627924926579" lon="10.854742219671607">
      <time>2022-10-14T11:52:55Z</time>
      <name>NLD-BEL-LUX-GER-FRA-AUS-POR-SPA-CHE_8163 Km</name>
      <sym>Waypoint</sym>
      <extensions>
        <trp:ShapingPoint />
        <gpxx:RoutePointExtension>
          <gpxx:Subclass>000000000000FFFFFFFFFFFFFFFFFFFFFFFF</gpxx:Subclass>
        </gpxx:RoutePointExtension>
      </extensions>
    </rtept>
    <rtept lat="54.801638061180711" lon="10.020702537149191">
      <time>2022-10-14T11:53:06Z</time>
      <name>NLD-BEL-LUX-GER-FRA-AUS-POR-SPA-CHE_8223 Km</name>
      <sym>Waypoint</sym>
      <extensions>
        <trp:ShapingPoint />
        <gpxx:RoutePointExtension>
          <gpxx:Subclass>000000000000FFFFFFFFFFFFFFFFFFFFFFFF</gpxx:Subclass>
        </gpxx:RoutePointExtension>
      </extensions>
    </rtept>
    <rtept lat="54.873181628063321" lon="9.446600256487727">
      <time>2022-10-11T15:32:24Z</time>
      <name>NLD-BEL-LUX-GER-FRA-AUS-POR-SPA-CHE_8260 Km</name>
      <sym>Waypoint</sym>
      <extensions>
        <trp:ShapingPoint />
        <gpxx:RoutePointExtension>
          <gpxx:Subclass>000000000000FFFFFFFFFFFFFFFFFFFFFFFF</gpxx:Subclass>
        </gpxx:RoutePointExtension>
      </extensions>
    </rtept>
    <rtept lat="55.028198640793562" lon="8.613672517240048">
      <time>2022-10-14T11:53:20Z</time>
      <name>NLD-BEL-LUX-GER-FRA-AUS-POR-SPA-CHE_8316 Km</name>
      <sym>Waypoint</sym>
      <extensions>
        <trp:ShapingPoint />
        <gpxx:RoutePointExtension>
          <gpxx:Subclass>000000000000FFFFFFFFFFFFFFFFFFFFFFFF</gpxx:Subclass>
        </gpxx:RoutePointExtension>
      </extensions>
    </rtept>
    <rtept lat="55.173725746572018" lon="8.060965714976192">
      <time>2026-10-03T19:54:35Z</time>
      <name>NLD-BEL-LUX-GER-FRA-AUS-POR-SPA-CHE_8355 Km</name>
      <sym>Waypoint</sym>
      <extensions>
        <trp:ShapingPoint />
        <gpxx:RoutePointExtension>
          <gpxx:Subclass>000000000000FFFFFFFFFFFFFFFFFFFFFFFF</gpxx:Subclass>
        </gpxx:RoutePointExtension>
      </extensions>
    </rtept>
    <rtept lat="54.138866560533643" lon="7.26809467189014">
      <time>2026-10-03T19:38:35Z</time>
      <name>End NLD-BEL-LUX-GER-FRA-AUS-POR-SPA-CHE</name>
      <sym>Flag, Blue</sym>
      <extensions>
        <trp:ViaPoint>
          <trp:CalculationMode>Direct</trp:CalculationMode>
        </trp:ViaPoint>
        <gpxx:RoutePointExtension>
          <gpxx:Subclass>000000000000FFFFFFFFFFFFFFFFFFFFFFFF</gpxx:Subclass>
        </gpxx:RoutePointExtension>
      </extensions>
    </rtept>
  </rte>

</gpx>